[TAILING] Tailing last 1000 lines for [whaticket-backend] process (change the value with --lines option)
/home/whaticketapp/.pm2/logs/whaticket-backend-error-0.log last 1000 lines:
0|whaticke |       at TCP.onStreamRead (node:internal/stream_base_commons:189:23)
0|whaticke |       at TCP.callbackTrampoline (node:internal/async_hooks:130:17) {
0|whaticke |     length: 217,
0|whaticke |     severity: 'ERROR',
0|whaticke |     code: '23505',
0|whaticke |     detail: 'Key (number)=(5492478610999) already exists.',
0|whaticke |     hint: undefined,
0|whaticke |     position: undefined,
0|whaticke |     internalPosition: undefined,
0|whaticke |     internalQuery: undefined,
0|whaticke |     where: undefined,
0|whaticke |     schema: 'public',
0|whaticke |     table: 'Contacts',
0|whaticke |     column: undefined,
0|whaticke |     dataType: undefined,
0|whaticke |     constraint: 'Contacts_number_key',
0|whaticke |     file: 'nbtinsert.c',
0|whaticke |     line: '663',
0|whaticke |     routine: '_bt_check_unique',
0|whaticke |     sql: 'INSERT INTO "Contacts" ("id","name","number","email","profilePicUrl","isGroup","extrainfo","companyId","whatsappId","lid","createdAt","updatedAt") VALUES (DEFAULT,$1,$2,$3,$4,$5,$6,$7,$8,$9,$10,$11) RETURNING *;',
0|whaticke |     parameters: [
0|whaticke |       'secundaria1arrecifes',
0|whaticke |       '5492478610999',
0|whaticke |       '',
0|whaticke |       'https://pps.whatsapp.net/v/t61.24694-24/560552491_866249843049949_494321501343227340_n.jpg?stp=dst-jpg_s96x96_tt6&ccb=11-4&oh=01_Q5Aa3gFETp3gEVboU8RODqvVwFt8fxy9Ak27S0OW2tUUfmAa8A&oe=69823922&_nc_sid=5e03e0&_nc_cat=102',
0|whaticke |       false,
0|whaticke |       '[]',
0|whaticke |       1,
0|whaticke |       11,
0|whaticke |       '80715924414582@lid',
0|whaticke |       '2026-01-24 17:07:11.816 -03:00',
0|whaticke |       '2026-01-24 17:07:11.816 -03:00'
0|whaticke |     ]
0|whaticke |   },
0|whaticke |   sql: 'INSERT INTO "Contacts" ("id","name","number","email","profilePicUrl","isGroup","extrainfo","companyId","whatsappId","lid","createdAt","updatedAt") VALUES (DEFAULT,$1,$2,$3,$4,$5,$6,$7,$8,$9,$10,$11) RETURNING *;'
0|whaticke | }
0|whaticke | Error creando contacto: UniqueConstraintError [SequelizeUniqueConstraintError]: Validation error
0|whaticke |     at Query.formatError (/home/whaticketapp/whaticket-free/backend/node_modules/sequelize/lib/dialects/postgres/query.js:324:18)
0|whaticke |     at /home/whaticketapp/whaticket-free/backend/node_modules/sequelize/lib/dialects/postgres/query.js:72:18
0|whaticke |     at tryCatcher (/home/whaticketapp/whaticket-free/backend/node_modules/bluebird/js/release/util.js:16:23)
0|whaticke |     at Promise._settlePromiseFromHandler (/home/whaticketapp/whaticket-free/backend/node_modules/bluebird/js/release/promise.js:547:31)
0|whaticke |     at Promise._settlePromise (/home/whaticketapp/whaticket-free/backend/node_modules/bluebird/js/release/promise.js:604:18)
0|whaticke |     at Promise._settlePromise0 (/home/whaticketapp/whaticket-free/backend/node_modules/bluebird/js/release/promise.js:649:10)
0|whaticke |     at Promise._settlePromises (/home/whaticketapp/whaticket-free/backend/node_modules/bluebird/js/release/promise.js:725:18)
0|whaticke |     at _drainQueueStep (/home/whaticketapp/whaticket-free/backend/node_modules/bluebird/js/release/async.js:93:12)
0|whaticke |     at _drainQueue (/home/whaticketapp/whaticket-free/backend/node_modules/bluebird/js/release/async.js:86:9)
0|whaticke |     at Async._drainQueues (/home/whaticketapp/whaticket-free/backend/node_modules/bluebird/js/release/async.js:102:5)
0|whaticke |     at Async.drainQueues (/home/whaticketapp/whaticket-free/backend/node_modules/bluebird/js/release/async.js:15:14)
0|whaticke |     at process.processImmediate (node:internal/timers:485:21)
0|whaticke |     at process.topLevelDomainCallback (node:domain:161:15)
0|whaticke |     at process.callbackTrampoline (node:internal/async_hooks:128:24) {
0|whaticke |   errors: [
0|whaticke |     ValidationErrorItem {
0|whaticke |       message: 'number must be unique',
0|whaticke |       type: 'unique violation',
0|whaticke |       path: 'number',
0|whaticke |       value: '5492478610999',
0|whaticke |       origin: 'DB',
0|whaticke |       instance: [Contact],
0|whaticke |       validatorKey: 'not_unique',
0|whaticke |       validatorName: null,
0|whaticke |       validatorArgs: []
0|whaticke |     }
0|whaticke |   ],
0|whaticke |   fields: { number: '5492478610999' },
0|whaticke |   parent: error: duplicate key value violates unique constraint "Contacts_number_key"
0|whaticke |       at Parser.parseErrorMessage (/home/whaticketapp/whaticket-free/backend/node_modules/pg-protocol/dist/parser.js:285:98)
0|whaticke |       at Parser.handlePacket (/home/whaticketapp/whaticket-free/backend/node_modules/pg-protocol/dist/parser.js:122:29)
0|whaticke |       at Parser.parse (/home/whaticketapp/whaticket-free/backend/node_modules/pg-protocol/dist/parser.js:35:38)
0|whaticke |       at Socket.<anonymous> (/home/whaticketapp/whaticket-free/backend/node_modules/pg-protocol/dist/index.js:11:42)
0|whaticke |       at Socket.emit (node:events:519:28)
0|whaticke |       at Socket.emit (node:domain:489:12)
0|whaticke |       at addChunk (node:internal/streams/readable:561:12)
0|whaticke |       at readableAddChunkPushByteMode (node:internal/streams/readable:512:3)
0|whaticke |       at Readable.push (node:internal/streams/readable:392:5)
0|whaticke |       at TCP.onStreamRead (node:internal/stream_base_commons:189:23)
0|whaticke |       at TCP.callbackTrampoline (node:internal/async_hooks:130:17) {
0|whaticke |     length: 217,
0|whaticke |     severity: 'ERROR',
0|whaticke |     code: '23505',
0|whaticke |     detail: 'Key (number)=(5492478610999) already exists.',
0|whaticke |     hint: undefined,
0|whaticke |     position: undefined,
0|whaticke |     internalPosition: undefined,
0|whaticke |     internalQuery: undefined,
0|whaticke |     where: undefined,
0|whaticke |     schema: 'public',
0|whaticke |     table: 'Contacts',
0|whaticke |     column: undefined,
0|whaticke |     dataType: undefined,
0|whaticke |     constraint: 'Contacts_number_key',
0|whaticke |     file: 'nbtinsert.c',
0|whaticke |     line: '663',
0|whaticke |     routine: '_bt_check_unique',
0|whaticke |     sql: 'INSERT INTO "Contacts" ("id","name","number","email","profilePicUrl","isGroup","extrainfo","companyId","whatsappId","lid","createdAt","updatedAt") VALUES (DEFAULT,$1,$2,$3,$4,$5,$6,$7,$8,$9,$10,$11) RETURNING *;',
0|whaticke |     parameters: [
0|whaticke |       'secundaria1arrecifes',
0|whaticke |       '5492478610999',
0|whaticke |       '',
0|whaticke |       'https://pps.whatsapp.net/v/t61.24694-24/560552491_866249843049949_494321501343227340_n.jpg?stp=dst-jpg_s96x96_tt6&ccb=11-4&oh=01_Q5Aa3gFETp3gEVboU8RODqvVwFt8fxy9Ak27S0OW2tUUfmAa8A&oe=69823922&_nc_sid=5e03e0&_nc_cat=102',
0|whaticke |       false,
0|whaticke |       '[]',
0|whaticke |       1,
0|whaticke |       11,
0|whaticke |       '80715924414582@lid',
0|whaticke |       '2026-01-24 17:26:38.724 -03:00',
0|whaticke |       '2026-01-24 17:26:38.724 -03:00'
0|whaticke |     ]
0|whaticke |   },
0|whaticke |   original: error: duplicate key value violates unique constraint "Contacts_number_key"
0|whaticke |       at Parser.parseErrorMessage (/home/whaticketapp/whaticket-free/backend/node_modules/pg-protocol/dist/parser.js:285:98)
0|whaticke |       at Parser.handlePacket (/home/whaticketapp/whaticket-free/backend/node_modules/pg-protocol/dist/parser.js:122:29)
0|whaticke |       at Parser.parse (/home/whaticketapp/whaticket-free/backend/node_modules/pg-protocol/dist/parser.js:35:38)
0|whaticke |       at Socket.<anonymous> (/home/whaticketapp/whaticket-free/backend/node_modules/pg-protocol/dist/index.js:11:42)
0|whaticke |       at Socket.emit (node:events:519:28)
0|whaticke |       at Socket.emit (node:domain:489:12)
0|whaticke |       at addChunk (node:internal/streams/readable:561:12)
0|whaticke |       at readableAddChunkPushByteMode (node:internal/streams/readable:512:3)
0|whaticke |       at Readable.push (node:internal/streams/readable:392:5)
0|whaticke |       at TCP.onStreamRead (node:internal/stream_base_commons:189:23)
0|whaticke |       at TCP.callbackTrampoline (node:internal/async_hooks:130:17) {
0|whaticke |     length: 217,
0|whaticke |     severity: 'ERROR',
0|whaticke |     code: '23505',
0|whaticke |     detail: 'Key (number)=(5492478610999) already exists.',
0|whaticke |     hint: undefined,
0|whaticke |     position: undefined,
0|whaticke |     internalPosition: undefined,
0|whaticke |     internalQuery: undefined,
0|whaticke |     where: undefined,
0|whaticke |     schema: 'public',
0|whaticke |     table: 'Contacts',
0|whaticke |     column: undefined,
0|whaticke |     dataType: undefined,
0|whaticke |     constraint: 'Contacts_number_key',
0|whaticke |     file: 'nbtinsert.c',
0|whaticke |     line: '663',
0|whaticke |     routine: '_bt_check_unique',
0|whaticke |     sql: 'INSERT INTO "Contacts" ("id","name","number","email","profilePicUrl","isGroup","extrainfo","companyId","whatsappId","lid","createdAt","updatedAt") VALUES (DEFAULT,$1,$2,$3,$4,$5,$6,$7,$8,$9,$10,$11) RETURNING *;',
0|whaticke |     parameters: [
0|whaticke |       'secundaria1arrecifes',
0|whaticke |       '5492478610999',
0|whaticke |       '',
0|whaticke |       'https://pps.whatsapp.net/v/t61.24694-24/560552491_866249843049949_494321501343227340_n.jpg?stp=dst-jpg_s96x96_tt6&ccb=11-4&oh=01_Q5Aa3gFETp3gEVboU8RODqvVwFt8fxy9Ak27S0OW2tUUfmAa8A&oe=69823922&_nc_sid=5e03e0&_nc_cat=102',
0|whaticke |       false,
0|whaticke |       '[]',
0|whaticke |       1,
0|whaticke |       11,
0|whaticke |       '80715924414582@lid',
0|whaticke |       '2026-01-24 17:26:38.724 -03:00',
0|whaticke |       '2026-01-24 17:26:38.724 -03:00'
0|whaticke |     ]
0|whaticke |   },
0|whaticke |   sql: 'INSERT INTO "Contacts" ("id","name","number","email","profilePicUrl","isGroup","extrainfo","companyId","whatsappId","lid","createdAt","updatedAt") VALUES (DEFAULT,$1,$2,$3,$4,$5,$6,$7,$8,$9,$10,$11) RETURNING *;'
0|whaticke | }
0|whaticke | ❌ ERROR CRÍTICO: No se encontró contacto existente a pesar del error de duplicado
0|whaticke |    Número: 5492478610999
0|whaticke |    Company ID: 1
0|whaticke | ❌ Error en handleMessage: UniqueConstraintError [SequelizeUniqueConstraintError]: Validation error
0|whaticke |     at Query.formatError (/home/whaticketapp/whaticket-free/backend/node_modules/sequelize/lib/dialects/postgres/query.js:324:18)
0|whaticke |     at /home/whaticketapp/whaticket-free/backend/node_modules/sequelize/lib/dialects/postgres/query.js:72:18
0|whaticke |     at tryCatcher (/home/whaticketapp/whaticket-free/backend/node_modules/bluebird/js/release/util.js:16:23)
0|whaticke |     at Promise._settlePromiseFromHandler (/home/whaticketapp/whaticket-free/backend/node_modules/bluebird/js/release/promise.js:547:31)
0|whaticke |     at Promise._settlePromise (/home/whaticketapp/whaticket-free/backend/node_modules/bluebird/js/release/promise.js:604:18)
0|whaticke |     at Promise._settlePromise0 (/home/whaticketapp/whaticket-free/backend/node_modules/bluebird/js/release/promise.js:649:10)
0|whaticke |     at Promise._settlePromises (/home/whaticketapp/whaticket-free/backend/node_modules/bluebird/js/release/promise.js:725:18)
0|whaticke |     at _drainQueueStep (/home/whaticketapp/whaticket-free/backend/node_modules/bluebird/js/release/async.js:93:12)
0|whaticke |     at _drainQueue (/home/whaticketapp/whaticket-free/backend/node_modules/bluebird/js/release/async.js:86:9)
0|whaticke |     at Async._drainQueues (/home/whaticketapp/whaticket-free/backend/node_modules/bluebird/js/release/async.js:102:5)
0|whaticke |     at Async.drainQueues (/home/whaticketapp/whaticket-free/backend/node_modules/bluebird/js/release/async.js:15:14)
0|whaticke |     at process.processImmediate (node:internal/timers:485:21)
0|whaticke |     at process.topLevelDomainCallback (node:domain:161:15)
0|whaticke |     at process.callbackTrampoline (node:internal/async_hooks:128:24) {
0|whaticke |   errors: [
0|whaticke |     ValidationErrorItem {
0|whaticke |       message: 'number must be unique',
0|whaticke |       type: 'unique violation',
0|whaticke |       path: 'number',
0|whaticke |       value: '5492478610999',
0|whaticke |       origin: 'DB',
0|whaticke |       instance: [Contact],
0|whaticke |       validatorKey: 'not_unique',
0|whaticke |       validatorName: null,
0|whaticke |       validatorArgs: []
0|whaticke |     }
0|whaticke |   ],
0|whaticke |   fields: { number: '5492478610999' },
0|whaticke |   parent: error: duplicate key value violates unique constraint "Contacts_number_key"
0|whaticke |       at Parser.parseErrorMessage (/home/whaticketapp/whaticket-free/backend/node_modules/pg-protocol/dist/parser.js:285:98)
0|whaticke |       at Parser.handlePacket (/home/whaticketapp/whaticket-free/backend/node_modules/pg-protocol/dist/parser.js:122:29)
0|whaticke |       at Parser.parse (/home/whaticketapp/whaticket-free/backend/node_modules/pg-protocol/dist/parser.js:35:38)
0|whaticke |       at Socket.<anonymous> (/home/whaticketapp/whaticket-free/backend/node_modules/pg-protocol/dist/index.js:11:42)
0|whaticke |       at Socket.emit (node:events:519:28)
0|whaticke |       at Socket.emit (node:domain:489:12)
0|whaticke |       at addChunk (node:internal/streams/readable:561:12)
0|whaticke |       at readableAddChunkPushByteMode (node:internal/streams/readable:512:3)
0|whaticke |       at Readable.push (node:internal/streams/readable:392:5)
0|whaticke |       at TCP.onStreamRead (node:internal/stream_base_commons:189:23)
0|whaticke |       at TCP.callbackTrampoline (node:internal/async_hooks:130:17) {
0|whaticke |     length: 217,
0|whaticke |     severity: 'ERROR',
0|whaticke |     code: '23505',
0|whaticke |     detail: 'Key (number)=(5492478610999) already exists.',
0|whaticke |     hint: undefined,
0|whaticke |     position: undefined,
0|whaticke |     internalPosition: undefined,
0|whaticke |     internalQuery: undefined,
0|whaticke |     where: undefined,
0|whaticke |     schema: 'public',
0|whaticke |     table: 'Contacts',
0|whaticke |     column: undefined,
0|whaticke |     dataType: undefined,
0|whaticke |     constraint: 'Contacts_number_key',
0|whaticke |     file: 'nbtinsert.c',
0|whaticke |     line: '663',
0|whaticke |     routine: '_bt_check_unique',
0|whaticke |     sql: 'INSERT INTO "Contacts" ("id","name","number","email","profilePicUrl","isGroup","extrainfo","companyId","whatsappId","lid","createdAt","updatedAt") VALUES (DEFAULT,$1,$2,$3,$4,$5,$6,$7,$8,$9,$10,$11) RETURNING *;',
0|whaticke |     parameters: [
0|whaticke |       'secundaria1arrecifes',
0|whaticke |       '5492478610999',
0|whaticke |       '',
0|whaticke |       'https://pps.whatsapp.net/v/t61.24694-24/560552491_866249843049949_494321501343227340_n.jpg?stp=dst-jpg_s96x96_tt6&ccb=11-4&oh=01_Q5Aa3gFETp3gEVboU8RODqvVwFt8fxy9Ak27S0OW2tUUfmAa8A&oe=69823922&_nc_sid=5e03e0&_nc_cat=102',
0|whaticke |       false,
0|whaticke |       '[]',
0|whaticke |       1,
0|whaticke |       11,
0|whaticke |       '80715924414582@lid',
0|whaticke |       '2026-01-24 17:26:38.724 -03:00',
0|whaticke |       '2026-01-24 17:26:38.724 -03:00'
0|whaticke |     ]
0|whaticke |   },
0|whaticke |   original: error: duplicate key value violates unique constraint "Contacts_number_key"
0|whaticke |       at Parser.parseErrorMessage (/home/whaticketapp/whaticket-free/backend/node_modules/pg-protocol/dist/parser.js:285:98)
0|whaticke |       at Parser.handlePacket (/home/whaticketapp/whaticket-free/backend/node_modules/pg-protocol/dist/parser.js:122:29)
0|whaticke |       at Parser.parse (/home/whaticketapp/whaticket-free/backend/node_modules/pg-protocol/dist/parser.js:35:38)
0|whaticke |       at Socket.<anonymous> (/home/whaticketapp/whaticket-free/backend/node_modules/pg-protocol/dist/index.js:11:42)
0|whaticke |       at Socket.emit (node:events:519:28)
0|whaticke |       at Socket.emit (node:domain:489:12)
0|whaticke |       at addChunk (node:internal/streams/readable:561:12)
0|whaticke |       at readableAddChunkPushByteMode (node:internal/streams/readable:512:3)
0|whaticke |       at Readable.push (node:internal/streams/readable:392:5)
0|whaticke |       at TCP.onStreamRead (node:internal/stream_base_commons:189:23)
0|whaticke |       at TCP.callbackTrampoline (node:internal/async_hooks:130:17) {
0|whaticke |     length: 217,
0|whaticke |     severity: 'ERROR',
0|whaticke |     code: '23505',
0|whaticke |     detail: 'Key (number)=(5492478610999) already exists.',
0|whaticke |     hint: undefined,
0|whaticke |     position: undefined,
0|whaticke |     internalPosition: undefined,
0|whaticke |     internalQuery: undefined,
0|whaticke |     where: undefined,
0|whaticke |     schema: 'public',
0|whaticke |     table: 'Contacts',
0|whaticke |     column: undefined,
0|whaticke |     dataType: undefined,
0|whaticke |     constraint: 'Contacts_number_key',
0|whaticke |     file: 'nbtinsert.c',
0|whaticke |     line: '663',
0|whaticke |     routine: '_bt_check_unique',
0|whaticke |     sql: 'INSERT INTO "Contacts" ("id","name","number","email","profilePicUrl","isGroup","extrainfo","companyId","whatsappId","lid","createdAt","updatedAt") VALUES (DEFAULT,$1,$2,$3,$4,$5,$6,$7,$8,$9,$10,$11) RETURNING *;',
0|whaticke |     parameters: [
0|whaticke |       'secundaria1arrecifes',
0|whaticke |       '5492478610999',
0|whaticke |       '',
0|whaticke |       'https://pps.whatsapp.net/v/t61.24694-24/560552491_866249843049949_494321501343227340_n.jpg?stp=dst-jpg_s96x96_tt6&ccb=11-4&oh=01_Q5Aa3gFETp3gEVboU8RODqvVwFt8fxy9Ak27S0OW2tUUfmAa8A&oe=69823922&_nc_sid=5e03e0&_nc_cat=102',
0|whaticke |       false,
0|whaticke |       '[]',
0|whaticke |       1,
0|whaticke |       11,
0|whaticke |       '80715924414582@lid',
0|whaticke |       '2026-01-24 17:26:38.724 -03:00',
0|whaticke |       '2026-01-24 17:26:38.724 -03:00'
0|whaticke |     ]
0|whaticke |   },
0|whaticke |   sql: 'INSERT INTO "Contacts" ("id","name","number","email","profilePicUrl","isGroup","extrainfo","companyId","whatsappId","lid","createdAt","updatedAt") VALUES (DEFAULT,$1,$2,$3,$4,$5,$6,$7,$8,$9,$10,$11) RETURNING *;'
0|whaticke | }
0|whaticke | Error creando contacto: UniqueConstraintError [SequelizeUniqueConstraintError]: Validation error
0|whaticke |     at Query.formatError (/home/whaticketapp/whaticket-free/backend/node_modules/sequelize/lib/dialects/postgres/query.js:324:18)
0|whaticke |     at /home/whaticketapp/whaticket-free/backend/node_modules/sequelize/lib/dialects/postgres/query.js:72:18
0|whaticke |     at tryCatcher (/home/whaticketapp/whaticket-free/backend/node_modules/bluebird/js/release/util.js:16:23)
0|whaticke |     at Promise._settlePromiseFromHandler (/home/whaticketapp/whaticket-free/backend/node_modules/bluebird/js/release/promise.js:547:31)
0|whaticke |     at Promise._settlePromise (/home/whaticketapp/whaticket-free/backend/node_modules/bluebird/js/release/promise.js:604:18)
0|whaticke |     at Promise._settlePromise0 (/home/whaticketapp/whaticket-free/backend/node_modules/bluebird/js/release/promise.js:649:10)
0|whaticke |     at Promise._settlePromises (/home/whaticketapp/whaticket-free/backend/node_modules/bluebird/js/release/promise.js:725:18)
0|whaticke |     at _drainQueueStep (/home/whaticketapp/whaticket-free/backend/node_modules/bluebird/js/release/async.js:93:12)
0|whaticke |     at _drainQueue (/home/whaticketapp/whaticket-free/backend/node_modules/bluebird/js/release/async.js:86:9)
0|whaticke |     at Async._drainQueues (/home/whaticketapp/whaticket-free/backend/node_modules/bluebird/js/release/async.js:102:5)
0|whaticke |     at Async.drainQueues (/home/whaticketapp/whaticket-free/backend/node_modules/bluebird/js/release/async.js:15:14)
0|whaticke |     at process.processImmediate (node:internal/timers:485:21)
0|whaticke |     at process.topLevelDomainCallback (node:domain:161:15)
0|whaticke |     at process.callbackTrampoline (node:internal/async_hooks:128:24) {
0|whaticke |   errors: [
0|whaticke |     ValidationErrorItem {
0|whaticke |       message: 'number must be unique',
0|whaticke |       type: 'unique violation',
0|whaticke |       path: 'number',
0|whaticke |       value: '5492478610999',
0|whaticke |       origin: 'DB',
0|whaticke |       instance: [Contact],
0|whaticke |       validatorKey: 'not_unique',
0|whaticke |       validatorName: null,
0|whaticke |       validatorArgs: []
0|whaticke |     }
0|whaticke |   ],
0|whaticke |   fields: { number: '5492478610999' },
0|whaticke |   parent: error: duplicate key value violates unique constraint "Contacts_number_key"
0|whaticke |       at Parser.parseErrorMessage (/home/whaticketapp/whaticket-free/backend/node_modules/pg-protocol/dist/parser.js:285:98)
0|whaticke |       at Parser.handlePacket (/home/whaticketapp/whaticket-free/backend/node_modules/pg-protocol/dist/parser.js:122:29)
0|whaticke |       at Parser.parse (/home/whaticketapp/whaticket-free/backend/node_modules/pg-protocol/dist/parser.js:35:38)
0|whaticke |       at Socket.<anonymous> (/home/whaticketapp/whaticket-free/backend/node_modules/pg-protocol/dist/index.js:11:42)
0|whaticke |       at Socket.emit (node:events:519:28)
0|whaticke |       at Socket.emit (node:domain:552:15)
0|whaticke |       at addChunk (node:internal/streams/readable:561:12)
0|whaticke |       at readableAddChunkPushByteMode (node:internal/streams/readable:512:3)
0|whaticke |       at Readable.push (node:internal/streams/readable:392:5)
0|whaticke |       at TCP.onStreamRead (node:internal/stream_base_commons:189:23)
0|whaticke |       at TCP.callbackTrampoline (node:internal/async_hooks:130:17) {
0|whaticke |     length: 217,
0|whaticke |     severity: 'ERROR',
0|whaticke |     code: '23505',
0|whaticke |     detail: 'Key (number)=(5492478610999) already exists.',
0|whaticke |     hint: undefined,
0|whaticke |     position: undefined,
0|whaticke |     internalPosition: undefined,
0|whaticke |     internalQuery: undefined,
0|whaticke |     where: undefined,
0|whaticke |     schema: 'public',
0|whaticke |     table: 'Contacts',
0|whaticke |     column: undefined,
0|whaticke |     dataType: undefined,
0|whaticke |     constraint: 'Contacts_number_key',
0|whaticke |     file: 'nbtinsert.c',
0|whaticke |     line: '663',
0|whaticke |     routine: '_bt_check_unique',
0|whaticke |     sql: 'INSERT INTO "Contacts" ("id","name","number","email","profilePicUrl","isGroup","extrainfo","companyId","whatsappId","lid","createdAt","updatedAt") VALUES (DEFAULT,$1,$2,$3,$4,$5,$6,$7,$8,$9,$10,$11) RETURNING *;',
0|whaticke |     parameters: [
0|whaticke |       'secundaria1arrecifes',
0|whaticke |       '5492478610999',
0|whaticke |       '',
0|whaticke |       'https://pps.whatsapp.net/v/t61.24694-24/560552491_866249843049949_494321501343227340_n.jpg?stp=dst-jpg_s96x96_tt6&ccb=11-4&oh=01_Q5Aa3gFETp3gEVboU8RODqvVwFt8fxy9Ak27S0OW2tUUfmAa8A&oe=69823922&_nc_sid=5e03e0&_nc_cat=102',
0|whaticke |       false,
0|whaticke |       '[]',
0|whaticke |       1,
0|whaticke |       11,
0|whaticke |       '80715924414582@lid',
0|whaticke |       '2026-01-24 17:28:25.069 -03:00',
0|whaticke |       '2026-01-24 17:28:25.069 -03:00'
0|whaticke |     ]
0|whaticke |   },
0|whaticke |   original: error: duplicate key value violates unique constraint "Contacts_number_key"
0|whaticke |       at Parser.parseErrorMessage (/home/whaticketapp/whaticket-free/backend/node_modules/pg-protocol/dist/parser.js:285:98)
0|whaticke |       at Parser.handlePacket (/home/whaticketapp/whaticket-free/backend/node_modules/pg-protocol/dist/parser.js:122:29)
0|whaticke |       at Parser.parse (/home/whaticketapp/whaticket-free/backend/node_modules/pg-protocol/dist/parser.js:35:38)
0|whaticke |       at Socket.<anonymous> (/home/whaticketapp/whaticket-free/backend/node_modules/pg-protocol/dist/index.js:11:42)
0|whaticke |       at Socket.emit (node:events:519:28)
0|whaticke |       at Socket.emit (node:domain:552:15)
0|whaticke |       at addChunk (node:internal/streams/readable:561:12)
0|whaticke |       at readableAddChunkPushByteMode (node:internal/streams/readable:512:3)
0|whaticke |       at Readable.push (node:internal/streams/readable:392:5)
0|whaticke |       at TCP.onStreamRead (node:internal/stream_base_commons:189:23)
0|whaticke |       at TCP.callbackTrampoline (node:internal/async_hooks:130:17) {
0|whaticke |     length: 217,
0|whaticke |     severity: 'ERROR',
0|whaticke |     code: '23505',
0|whaticke |     detail: 'Key (number)=(5492478610999) already exists.',
0|whaticke |     hint: undefined,
0|whaticke |     position: undefined,
0|whaticke |     internalPosition: undefined,
0|whaticke |     internalQuery: undefined,
0|whaticke |     where: undefined,
0|whaticke |     schema: 'public',
0|whaticke |     table: 'Contacts',
0|whaticke |     column: undefined,
0|whaticke |     dataType: undefined,
0|whaticke |     constraint: 'Contacts_number_key',
0|whaticke |     file: 'nbtinsert.c',
0|whaticke |     line: '663',
0|whaticke |     routine: '_bt_check_unique',
0|whaticke |     sql: 'INSERT INTO "Contacts" ("id","name","number","email","profilePicUrl","isGroup","extrainfo","companyId","whatsappId","lid","createdAt","updatedAt") VALUES (DEFAULT,$1,$2,$3,$4,$5,$6,$7,$8,$9,$10,$11) RETURNING *;',
0|whaticke |     parameters: [
0|whaticke |       'secundaria1arrecifes',
0|whaticke |       '5492478610999',
0|whaticke |       '',
0|whaticke |       'https://pps.whatsapp.net/v/t61.24694-24/560552491_866249843049949_494321501343227340_n.jpg?stp=dst-jpg_s96x96_tt6&ccb=11-4&oh=01_Q5Aa3gFETp3gEVboU8RODqvVwFt8fxy9Ak27S0OW2tUUfmAa8A&oe=69823922&_nc_sid=5e03e0&_nc_cat=102',
0|whaticke |       false,
0|whaticke |       '[]',
0|whaticke |       1,
0|whaticke |       11,
0|whaticke |       '80715924414582@lid',
0|whaticke |       '2026-01-24 17:28:25.069 -03:00',
0|whaticke |       '2026-01-24 17:28:25.069 -03:00'
0|whaticke |     ]
0|whaticke |   },
0|whaticke |   sql: 'INSERT INTO "Contacts" ("id","name","number","email","profilePicUrl","isGroup","extrainfo","companyId","whatsappId","lid","createdAt","updatedAt") VALUES (DEFAULT,$1,$2,$3,$4,$5,$6,$7,$8,$9,$10,$11) RETURNING *;'
0|whaticke | }
0|whaticke | ❌ ERROR CRÍTICO: No se encontró contacto existente a pesar del error de duplicado
0|whaticke |    Número: 5492478610999
0|whaticke |    Company ID: 1
0|whaticke | ❌ Error en handleMessage: UniqueConstraintError [SequelizeUniqueConstraintError]: Validation error
0|whaticke |     at Query.formatError (/home/whaticketapp/whaticket-free/backend/node_modules/sequelize/lib/dialects/postgres/query.js:324:18)
0|whaticke |     at /home/whaticketapp/whaticket-free/backend/node_modules/sequelize/lib/dialects/postgres/query.js:72:18
0|whaticke |     at tryCatcher (/home/whaticketapp/whaticket-free/backend/node_modules/bluebird/js/release/util.js:16:23)
0|whaticke |     at Promise._settlePromiseFromHandler (/home/whaticketapp/whaticket-free/backend/node_modules/bluebird/js/release/promise.js:547:31)
0|whaticke |     at Promise._settlePromise (/home/whaticketapp/whaticket-free/backend/node_modules/bluebird/js/release/promise.js:604:18)
0|whaticke |     at Promise._settlePromise0 (/home/whaticketapp/whaticket-free/backend/node_modules/bluebird/js/release/promise.js:649:10)
0|whaticke |     at Promise._settlePromises (/home/whaticketapp/whaticket-free/backend/node_modules/bluebird/js/release/promise.js:725:18)
0|whaticke |     at _drainQueueStep (/home/whaticketapp/whaticket-free/backend/node_modules/bluebird/js/release/async.js:93:12)
0|whaticke |     at _drainQueue (/home/whaticketapp/whaticket-free/backend/node_modules/bluebird/js/release/async.js:86:9)
0|whaticke |     at Async._drainQueues (/home/whaticketapp/whaticket-free/backend/node_modules/bluebird/js/release/async.js:102:5)
0|whaticke |     at Async.drainQueues (/home/whaticketapp/whaticket-free/backend/node_modules/bluebird/js/release/async.js:15:14)
0|whaticke |     at process.processImmediate (node:internal/timers:485:21)
0|whaticke |     at process.topLevelDomainCallback (node:domain:161:15)
0|whaticke |     at process.callbackTrampoline (node:internal/async_hooks:128:24) {
0|whaticke |   errors: [
0|whaticke |     ValidationErrorItem {
0|whaticke |       message: 'number must be unique',
0|whaticke |       type: 'unique violation',
0|whaticke |       path: 'number',
0|whaticke |       value: '5492478610999',
0|whaticke |       origin: 'DB',
0|whaticke |       instance: [Contact],
0|whaticke |       validatorKey: 'not_unique',
0|whaticke |       validatorName: null,
0|whaticke |       validatorArgs: []
0|whaticke |     }
0|whaticke |   ],
0|whaticke |   fields: { number: '5492478610999' },
0|whaticke |   parent: error: duplicate key value violates unique constraint "Contacts_number_key"
0|whaticke |       at Parser.parseErrorMessage (/home/whaticketapp/whaticket-free/backend/node_modules/pg-protocol/dist/parser.js:285:98)
0|whaticke |       at Parser.handlePacket (/home/whaticketapp/whaticket-free/backend/node_modules/pg-protocol/dist/parser.js:122:29)
0|whaticke |       at Parser.parse (/home/whaticketapp/whaticket-free/backend/node_modules/pg-protocol/dist/parser.js:35:38)
0|whaticke |       at Socket.<anonymous> (/home/whaticketapp/whaticket-free/backend/node_modules/pg-protocol/dist/index.js:11:42)
0|whaticke |       at Socket.emit (node:events:519:28)
0|whaticke |       at Socket.emit (node:domain:552:15)
0|whaticke |       at addChunk (node:internal/streams/readable:561:12)
0|whaticke |       at readableAddChunkPushByteMode (node:internal/streams/readable:512:3)
0|whaticke |       at Readable.push (node:internal/streams/readable:392:5)
0|whaticke |       at TCP.onStreamRead (node:internal/stream_base_commons:189:23)
0|whaticke |       at TCP.callbackTrampoline (node:internal/async_hooks:130:17) {
0|whaticke |     length: 217,
0|whaticke |     severity: 'ERROR',
0|whaticke |     code: '23505',
0|whaticke |     detail: 'Key (number)=(5492478610999) already exists.',
0|whaticke |     hint: undefined,
0|whaticke |     position: undefined,
0|whaticke |     internalPosition: undefined,
0|whaticke |     internalQuery: undefined,
0|whaticke |     where: undefined,
0|whaticke |     schema: 'public',
0|whaticke |     table: 'Contacts',
0|whaticke |     column: undefined,
0|whaticke |     dataType: undefined,
0|whaticke |     constraint: 'Contacts_number_key',
0|whaticke |     file: 'nbtinsert.c',
0|whaticke |     line: '663',
0|whaticke |     routine: '_bt_check_unique',
0|whaticke |     sql: 'INSERT INTO "Contacts" ("id","name","number","email","profilePicUrl","isGroup","extrainfo","companyId","whatsappId","lid","createdAt","updatedAt") VALUES (DEFAULT,$1,$2,$3,$4,$5,$6,$7,$8,$9,$10,$11) RETURNING *;',
0|whaticke |     parameters: [
0|whaticke |       'secundaria1arrecifes',
0|whaticke |       '5492478610999',
0|whaticke |       '',
0|whaticke |       'https://pps.whatsapp.net/v/t61.24694-24/560552491_866249843049949_494321501343227340_n.jpg?stp=dst-jpg_s96x96_tt6&ccb=11-4&oh=01_Q5Aa3gFETp3gEVboU8RODqvVwFt8fxy9Ak27S0OW2tUUfmAa8A&oe=69823922&_nc_sid=5e03e0&_nc_cat=102',
0|whaticke |       false,
0|whaticke |       '[]',
0|whaticke |       1,
0|whaticke |       11,
0|whaticke |       '80715924414582@lid',
0|whaticke |       '2026-01-24 17:28:25.069 -03:00',
0|whaticke |       '2026-01-24 17:28:25.069 -03:00'
0|whaticke |     ]
0|whaticke |   },
0|whaticke |   original: error: duplicate key value violates unique constraint "Contacts_number_key"
0|whaticke |       at Parser.parseErrorMessage (/home/whaticketapp/whaticket-free/backend/node_modules/pg-protocol/dist/parser.js:285:98)
0|whaticke |       at Parser.handlePacket (/home/whaticketapp/whaticket-free/backend/node_modules/pg-protocol/dist/parser.js:122:29)
0|whaticke |       at Parser.parse (/home/whaticketapp/whaticket-free/backend/node_modules/pg-protocol/dist/parser.js:35:38)
0|whaticke |       at Socket.<anonymous> (/home/whaticketapp/whaticket-free/backend/node_modules/pg-protocol/dist/index.js:11:42)
0|whaticke |       at Socket.emit (node:events:519:28)
0|whaticke |       at Socket.emit (node:domain:552:15)
0|whaticke |       at addChunk (node:internal/streams/readable:561:12)
0|whaticke |       at readableAddChunkPushByteMode (node:internal/streams/readable:512:3)
0|whaticke |       at Readable.push (node:internal/streams/readable:392:5)
0|whaticke |       at TCP.onStreamRead (node:internal/stream_base_commons:189:23)
0|whaticke |       at TCP.callbackTrampoline (node:internal/async_hooks:130:17) {
0|whaticke |     length: 217,
0|whaticke |     severity: 'ERROR',
0|whaticke |     code: '23505',
0|whaticke |     detail: 'Key (number)=(5492478610999) already exists.',
0|whaticke |     hint: undefined,
0|whaticke |     position: undefined,
0|whaticke |     internalPosition: undefined,
0|whaticke |     internalQuery: undefined,
0|whaticke |     where: undefined,
0|whaticke |     schema: 'public',
0|whaticke |     table: 'Contacts',
0|whaticke |     column: undefined,
0|whaticke |     dataType: undefined,
0|whaticke |     constraint: 'Contacts_number_key',
0|whaticke |     file: 'nbtinsert.c',
0|whaticke |     line: '663',
0|whaticke |     routine: '_bt_check_unique',
0|whaticke |     sql: 'INSERT INTO "Contacts" ("id","name","number","email","profilePicUrl","isGroup","extrainfo","companyId","whatsappId","lid","createdAt","updatedAt") VALUES (DEFAULT,$1,$2,$3,$4,$5,$6,$7,$8,$9,$10,$11) RETURNING *;',
0|whaticke |     parameters: [
0|whaticke |       'secundaria1arrecifes',
0|whaticke |       '5492478610999',
0|whaticke |       '',
0|whaticke |       'https://pps.whatsapp.net/v/t61.24694-24/560552491_866249843049949_494321501343227340_n.jpg?stp=dst-jpg_s96x96_tt6&ccb=11-4&oh=01_Q5Aa3gFETp3gEVboU8RODqvVwFt8fxy9Ak27S0OW2tUUfmAa8A&oe=69823922&_nc_sid=5e03e0&_nc_cat=102',
0|whaticke |       false,
0|whaticke |       '[]',
0|whaticke |       1,
0|whaticke |       11,
0|whaticke |       '80715924414582@lid',
0|whaticke |       '2026-01-24 17:28:25.069 -03:00',
0|whaticke |       '2026-01-24 17:28:25.069 -03:00'
0|whaticke |     ]
0|whaticke |   },
0|whaticke |   sql: 'INSERT INTO "Contacts" ("id","name","number","email","profilePicUrl","isGroup","extrainfo","companyId","whatsappId","lid","createdAt","updatedAt") VALUES (DEFAULT,$1,$2,$3,$4,$5,$6,$7,$8,$9,$10,$11) RETURNING *;'
0|whaticke | }
0|whaticke | Error creando contacto: UniqueConstraintError [SequelizeUniqueConstraintError]: Validation error
0|whaticke |     at Query.formatError (/home/whaticketapp/whaticket-free/backend/node_modules/sequelize/lib/dialects/postgres/query.js:324:18)
0|whaticke |     at /home/whaticketapp/whaticket-free/backend/node_modules/sequelize/lib/dialects/postgres/query.js:72:18
0|whaticke |     at tryCatcher (/home/whaticketapp/whaticket-free/backend/node_modules/bluebird/js/release/util.js:16:23)
0|whaticke |     at Promise._settlePromiseFromHandler (/home/whaticketapp/whaticket-free/backend/node_modules/bluebird/js/release/promise.js:547:31)
0|whaticke |     at Promise._settlePromise (/home/whaticketapp/whaticket-free/backend/node_modules/bluebird/js/release/promise.js:604:18)
0|whaticke |     at Promise._settlePromise0 (/home/whaticketapp/whaticket-free/backend/node_modules/bluebird/js/release/promise.js:649:10)
0|whaticke |     at Promise._settlePromises (/home/whaticketapp/whaticket-free/backend/node_modules/bluebird/js/release/promise.js:725:18)
0|whaticke |     at _drainQueueStep (/home/whaticketapp/whaticket-free/backend/node_modules/bluebird/js/release/async.js:93:12)
0|whaticke |     at _drainQueue (/home/whaticketapp/whaticket-free/backend/node_modules/bluebird/js/release/async.js:86:9)
0|whaticke |     at Async._drainQueues (/home/whaticketapp/whaticket-free/backend/node_modules/bluebird/js/release/async.js:102:5)
0|whaticke |     at Async.drainQueues (/home/whaticketapp/whaticket-free/backend/node_modules/bluebird/js/release/async.js:15:14)
0|whaticke |     at process.processImmediate (node:internal/timers:485:21)
0|whaticke |     at process.topLevelDomainCallback (node:domain:161:15)
0|whaticke |     at process.callbackTrampoline (node:internal/async_hooks:128:24) {
0|whaticke |   errors: [
0|whaticke |     ValidationErrorItem {
0|whaticke |       message: 'number must be unique',
0|whaticke |       type: 'unique violation',
0|whaticke |       path: 'number',
0|whaticke |       value: '5492478577503',
0|whaticke |       origin: 'DB',
0|whaticke |       instance: [Contact],
0|whaticke |       validatorKey: 'not_unique',
0|whaticke |       validatorName: null,
0|whaticke |       validatorArgs: []
0|whaticke |     }
0|whaticke |   ],
0|whaticke |   fields: { number: '5492478577503' },
0|whaticke |   parent: error: duplicate key value violates unique constraint "Contacts_number_key"
0|whaticke |       at Parser.parseErrorMessage (/home/whaticketapp/whaticket-free/backend/node_modules/pg-protocol/dist/parser.js:285:98)
0|whaticke |       at Parser.handlePacket (/home/whaticketapp/whaticket-free/backend/node_modules/pg-protocol/dist/parser.js:122:29)
0|whaticke |       at Parser.parse (/home/whaticketapp/whaticket-free/backend/node_modules/pg-protocol/dist/parser.js:35:38)
0|whaticke |       at Socket.<anonymous> (/home/whaticketapp/whaticket-free/backend/node_modules/pg-protocol/dist/index.js:11:42)
0|whaticke |       at Socket.emit (node:events:519:28)
0|whaticke |       at Socket.emit (node:domain:489:12)
0|whaticke |       at addChunk (node:internal/streams/readable:561:12)
0|whaticke |       at readableAddChunkPushByteMode (node:internal/streams/readable:512:3)
0|whaticke |       at Readable.push (node:internal/streams/readable:392:5)
0|whaticke |       at TCP.onStreamRead (node:internal/stream_base_commons:189:23)
0|whaticke |       at TCP.callbackTrampoline (node:internal/async_hooks:130:17) {
0|whaticke |     length: 217,
0|whaticke |     severity: 'ERROR',
0|whaticke |     code: '23505',
0|whaticke |     detail: 'Key (number)=(5492478577503) already exists.',
0|whaticke |     hint: undefined,
0|whaticke |     position: undefined,
0|whaticke |     internalPosition: undefined,
0|whaticke |     internalQuery: undefined,
0|whaticke |     where: undefined,
0|whaticke |     schema: 'public',
0|whaticke |     table: 'Contacts',
0|whaticke |     column: undefined,
0|whaticke |     dataType: undefined,
0|whaticke |     constraint: 'Contacts_number_key',
0|whaticke |     file: 'nbtinsert.c',
0|whaticke |     line: '663',
0|whaticke |     routine: '_bt_check_unique',
0|whaticke |     sql: 'INSERT INTO "Contacts" ("id","name","number","email","profilePicUrl","isGroup","extrainfo","companyId","whatsappId","lid","createdAt","updatedAt") VALUES (DEFAULT,$1,$2,$3,$4,$5,$6,$7,$8,$9,$10,$11) RETURNING *;',
0|whaticke |     parameters: [
0|whaticke |       'Agustín Navarro',
0|whaticke |       '5492478577503',
0|whaticke |       '',
0|whaticke |       'https://pps.whatsapp.net/v/t61.24694-24/609063473_1101333805338792_6890609188563188958_n.jpg?stp=dst-jpg_s96x96_tt6&ccb=11-4&oh=01_Q5Aa3gH4VxYMzjqB8-9BGCy5YVrE1bazdI_zyof9gXyoAuJmzA&oe=69824577&_nc_sid=5e03e0&_nc_cat=105',
0|whaticke |       false,
0|whaticke |       '[]',
0|whaticke |       1,
0|whaticke |       11,
0|whaticke |       '124777406664808@lid',
0|whaticke |       '2026-01-24 17:47:06.975 -03:00',
0|whaticke |       '2026-01-24 17:47:06.975 -03:00'
0|whaticke |     ]
0|whaticke |   },
0|whaticke |   original: error: duplicate key value violates unique constraint "Contacts_number_key"
0|whaticke |       at Parser.parseErrorMessage (/home/whaticketapp/whaticket-free/backend/node_modules/pg-protocol/dist/parser.js:285:98)
0|whaticke |       at Parser.handlePacket (/home/whaticketapp/whaticket-free/backend/node_modules/pg-protocol/dist/parser.js:122:29)
0|whaticke |       at Parser.parse (/home/whaticketapp/whaticket-free/backend/node_modules/pg-protocol/dist/parser.js:35:38)
0|whaticke |       at Socket.<anonymous> (/home/whaticketapp/whaticket-free/backend/node_modules/pg-protocol/dist/index.js:11:42)
0|whaticke |       at Socket.emit (node:events:519:28)
0|whaticke |       at Socket.emit (node:domain:489:12)
0|whaticke |       at addChunk (node:internal/streams/readable:561:12)
0|whaticke |       at readableAddChunkPushByteMode (node:internal/streams/readable:512:3)
0|whaticke |       at Readable.push (node:internal/streams/readable:392:5)
0|whaticke |       at TCP.onStreamRead (node:internal/stream_base_commons:189:23)
0|whaticke |       at TCP.callbackTrampoline (node:internal/async_hooks:130:17) {
0|whaticke |     length: 217,
0|whaticke |     severity: 'ERROR',
0|whaticke |     code: '23505',
0|whaticke |     detail: 'Key (number)=(5492478577503) already exists.',
0|whaticke |     hint: undefined,
0|whaticke |     position: undefined,
0|whaticke |     internalPosition: undefined,
0|whaticke |     internalQuery: undefined,
0|whaticke |     where: undefined,
0|whaticke |     schema: 'public',
0|whaticke |     table: 'Contacts',
0|whaticke |     column: undefined,
0|whaticke |     dataType: undefined,
0|whaticke |     constraint: 'Contacts_number_key',
0|whaticke |     file: 'nbtinsert.c',
0|whaticke |     line: '663',
0|whaticke |     routine: '_bt_check_unique',
0|whaticke |     sql: 'INSERT INTO "Contacts" ("id","name","number","email","profilePicUrl","isGroup","extrainfo","companyId","whatsappId","lid","createdAt","updatedAt") VALUES (DEFAULT,$1,$2,$3,$4,$5,$6,$7,$8,$9,$10,$11) RETURNING *;',
0|whaticke |     parameters: [
0|whaticke |       'Agustín Navarro',
0|whaticke |       '5492478577503',
0|whaticke |       '',
0|whaticke |       'https://pps.whatsapp.net/v/t61.24694-24/609063473_1101333805338792_6890609188563188958_n.jpg?stp=dst-jpg_s96x96_tt6&ccb=11-4&oh=01_Q5Aa3gH4VxYMzjqB8-9BGCy5YVrE1bazdI_zyof9gXyoAuJmzA&oe=69824577&_nc_sid=5e03e0&_nc_cat=105',
0|whaticke |       false,
0|whaticke |       '[]',
0|whaticke |       1,
0|whaticke |       11,
0|whaticke |       '124777406664808@lid',
0|whaticke |       '2026-01-24 17:47:06.975 -03:00',
0|whaticke |       '2026-01-24 17:47:06.975 -03:00'
0|whaticke |     ]
0|whaticke |   },
0|whaticke |   sql: 'INSERT INTO "Contacts" ("id","name","number","email","profilePicUrl","isGroup","extrainfo","companyId","whatsappId","lid","createdAt","updatedAt") VALUES (DEFAULT,$1,$2,$3,$4,$5,$6,$7,$8,$9,$10,$11) RETURNING *;'
0|whaticke | }
0|whaticke | ❌ ERROR CRÍTICO: No se encontró contacto existente a pesar del error de duplicado
0|whaticke |    Número: 5492478577503
0|whaticke |    Company ID: 1
0|whaticke | ❌ Error en handleMessage: UniqueConstraintError [SequelizeUniqueConstraintError]: Validation error
0|whaticke |     at Query.formatError (/home/whaticketapp/whaticket-free/backend/node_modules/sequelize/lib/dialects/postgres/query.js:324:18)
0|whaticke |     at /home/whaticketapp/whaticket-free/backend/node_modules/sequelize/lib/dialects/postgres/query.js:72:18
0|whaticke |     at tryCatcher (/home/whaticketapp/whaticket-free/backend/node_modules/bluebird/js/release/util.js:16:23)
0|whaticke |     at Promise._settlePromiseFromHandler (/home/whaticketapp/whaticket-free/backend/node_modules/bluebird/js/release/promise.js:547:31)
0|whaticke |     at Promise._settlePromise (/home/whaticketapp/whaticket-free/backend/node_modules/bluebird/js/release/promise.js:604:18)
0|whaticke |     at Promise._settlePromise0 (/home/whaticketapp/whaticket-free/backend/node_modules/bluebird/js/release/promise.js:649:10)
0|whaticke |     at Promise._settlePromises (/home/whaticketapp/whaticket-free/backend/node_modules/bluebird/js/release/promise.js:725:18)
0|whaticke |     at _drainQueueStep (/home/whaticketapp/whaticket-free/backend/node_modules/bluebird/js/release/async.js:93:12)
0|whaticke |     at _drainQueue (/home/whaticketapp/whaticket-free/backend/node_modules/bluebird/js/release/async.js:86:9)
0|whaticke |     at Async._drainQueues (/home/whaticketapp/whaticket-free/backend/node_modules/bluebird/js/release/async.js:102:5)
0|whaticke |     at Async.drainQueues (/home/whaticketapp/whaticket-free/backend/node_modules/bluebird/js/release/async.js:15:14)
0|whaticke |     at process.processImmediate (node:internal/timers:485:21)
0|whaticke |     at process.topLevelDomainCallback (node:domain:161:15)
0|whaticke |     at process.callbackTrampoline (node:internal/async_hooks:128:24) {
0|whaticke |   errors: [
0|whaticke |     ValidationErrorItem {
0|whaticke |       message: 'number must be unique',
0|whaticke |       type: 'unique violation',
0|whaticke |       path: 'number',
0|whaticke |       value: '5492478577503',
0|whaticke |       origin: 'DB',
0|whaticke |       instance: [Contact],
0|whaticke |       validatorKey: 'not_unique',
0|whaticke |       validatorName: null,
0|whaticke |       validatorArgs: []
0|whaticke |     }
0|whaticke |   ],
0|whaticke |   fields: { number: '5492478577503' },
0|whaticke |   parent: error: duplicate key value violates unique constraint "Contacts_number_key"
0|whaticke |       at Parser.parseErrorMessage (/home/whaticketapp/whaticket-free/backend/node_modules/pg-protocol/dist/parser.js:285:98)
0|whaticke |       at Parser.handlePacket (/home/whaticketapp/whaticket-free/backend/node_modules/pg-protocol/dist/parser.js:122:29)
0|whaticke |       at Parser.parse (/home/whaticketapp/whaticket-free/backend/node_modules/pg-protocol/dist/parser.js:35:38)
0|whaticke |       at Socket.<anonymous> (/home/whaticketapp/whaticket-free/backend/node_modules/pg-protocol/dist/index.js:11:42)
0|whaticke |       at Socket.emit (node:events:519:28)
0|whaticke |       at Socket.emit (node:domain:489:12)
0|whaticke |       at addChunk (node:internal/streams/readable:561:12)
0|whaticke |       at readableAddChunkPushByteMode (node:internal/streams/readable:512:3)
0|whaticke |       at Readable.push (node:internal/streams/readable:392:5)
0|whaticke |       at TCP.onStreamRead (node:internal/stream_base_commons:189:23)
0|whaticke |       at TCP.callbackTrampoline (node:internal/async_hooks:130:17) {
0|whaticke |     length: 217,
0|whaticke |     severity: 'ERROR',
0|whaticke |     code: '23505',
0|whaticke |     detail: 'Key (number)=(5492478577503) already exists.',
0|whaticke |     hint: undefined,
0|whaticke |     position: undefined,
0|whaticke |     internalPosition: undefined,
0|whaticke |     internalQuery: undefined,
0|whaticke |     where: undefined,
0|whaticke |     schema: 'public',
0|whaticke |     table: 'Contacts',
0|whaticke |     column: undefined,
0|whaticke |     dataType: undefined,
0|whaticke |     constraint: 'Contacts_number_key',
0|whaticke |     file: 'nbtinsert.c',
0|whaticke |     line: '663',
0|whaticke |     routine: '_bt_check_unique',
0|whaticke |     sql: 'INSERT INTO "Contacts" ("id","name","number","email","profilePicUrl","isGroup","extrainfo","companyId","whatsappId","lid","createdAt","updatedAt") VALUES (DEFAULT,$1,$2,$3,$4,$5,$6,$7,$8,$9,$10,$11) RETURNING *;',
0|whaticke |     parameters: [
0|whaticke |       'Agustín Navarro',
0|whaticke |       '5492478577503',
0|whaticke |       '',
0|whaticke |       'https://pps.whatsapp.net/v/t61.24694-24/609063473_1101333805338792_6890609188563188958_n.jpg?stp=dst-jpg_s96x96_tt6&ccb=11-4&oh=01_Q5Aa3gH4VxYMzjqB8-9BGCy5YVrE1bazdI_zyof9gXyoAuJmzA&oe=69824577&_nc_sid=5e03e0&_nc_cat=105',
0|whaticke |       false,
0|whaticke |       '[]',
0|whaticke |       1,
0|whaticke |       11,
0|whaticke |       '124777406664808@lid',
0|whaticke |       '2026-01-24 17:47:06.975 -03:00',
0|whaticke |       '2026-01-24 17:47:06.975 -03:00'
0|whaticke |     ]
0|whaticke |   },
0|whaticke |   original: error: duplicate key value violates unique constraint "Contacts_number_key"
0|whaticke |       at Parser.parseErrorMessage (/home/whaticketapp/whaticket-free/backend/node_modules/pg-protocol/dist/parser.js:285:98)
0|whaticke |       at Parser.handlePacket (/home/whaticketapp/whaticket-free/backend/node_modules/pg-protocol/dist/parser.js:122:29)
0|whaticke |       at Parser.parse (/home/whaticketapp/whaticket-free/backend/node_modules/pg-protocol/dist/parser.js:35:38)
0|whaticke |       at Socket.<anonymous> (/home/whaticketapp/whaticket-free/backend/node_modules/pg-protocol/dist/index.js:11:42)
0|whaticke |       at Socket.emit (node:events:519:28)
0|whaticke |       at Socket.emit (node:domain:489:12)
0|whaticke |       at addChunk (node:internal/streams/readable:561:12)
0|whaticke |       at readableAddChunkPushByteMode (node:internal/streams/readable:512:3)
0|whaticke |       at Readable.push (node:internal/streams/readable:392:5)
0|whaticke |       at TCP.onStreamRead (node:internal/stream_base_commons:189:23)
0|whaticke |       at TCP.callbackTrampoline (node:internal/async_hooks:130:17) {
0|whaticke |     length: 217,
0|whaticke |     severity: 'ERROR',
0|whaticke |     code: '23505',
0|whaticke |     detail: 'Key (number)=(5492478577503) already exists.',
0|whaticke |     hint: undefined,
0|whaticke |     position: undefined,
0|whaticke |     internalPosition: undefined,
0|whaticke |     internalQuery: undefined,
0|whaticke |     where: undefined,
0|whaticke |     schema: 'public',
0|whaticke |     table: 'Contacts',
0|whaticke |     column: undefined,
0|whaticke |     dataType: undefined,
0|whaticke |     constraint: 'Contacts_number_key',
0|whaticke |     file: 'nbtinsert.c',
0|whaticke |     line: '663',
0|whaticke |     routine: '_bt_check_unique',
0|whaticke |     sql: 'INSERT INTO "Contacts" ("id","name","number","email","profilePicUrl","isGroup","extrainfo","companyId","whatsappId","lid","createdAt","updatedAt") VALUES (DEFAULT,$1,$2,$3,$4,$5,$6,$7,$8,$9,$10,$11) RETURNING *;',
0|whaticke |     parameters: [
0|whaticke |       'Agustín Navarro',
0|whaticke |       '5492478577503',
0|whaticke |       '',
0|whaticke |       'https://pps.whatsapp.net/v/t61.24694-24/609063473_1101333805338792_6890609188563188958_n.jpg?stp=dst-jpg_s96x96_tt6&ccb=11-4&oh=01_Q5Aa3gH4VxYMzjqB8-9BGCy5YVrE1bazdI_zyof9gXyoAuJmzA&oe=69824577&_nc_sid=5e03e0&_nc_cat=105',
0|whaticke |       false,
0|whaticke |       '[]',
0|whaticke |       1,
0|whaticke |       11,
0|whaticke |       '124777406664808@lid',
0|whaticke |       '2026-01-24 17:47:06.975 -03:00',
0|whaticke |       '2026-01-24 17:47:06.975 -03:00'
0|whaticke |     ]
0|whaticke |   },
0|whaticke |   sql: 'INSERT INTO "Contacts" ("id","name","number","email","profilePicUrl","isGroup","extrainfo","companyId","whatsappId","lid","createdAt","updatedAt") VALUES (DEFAULT,$1,$2,$3,$4,$5,$6,$7,$8,$9,$10,$11) RETURNING *;'
0|whaticke | }
0|whaticke | Error creando contacto: UniqueConstraintError [SequelizeUniqueConstraintError]: Validation error
0|whaticke |     at Query.formatError (/home/whaticketapp/whaticket-free/backend/node_modules/sequelize/lib/dialects/postgres/query.js:324:18)
0|whaticke |     at /home/whaticketapp/whaticket-free/backend/node_modules/sequelize/lib/dialects/postgres/query.js:72:18
0|whaticke |     at tryCatcher (/home/whaticketapp/whaticket-free/backend/node_modules/bluebird/js/release/util.js:16:23)
0|whaticke |     at Promise._settlePromiseFromHandler (/home/whaticketapp/whaticket-free/backend/node_modules/bluebird/js/release/promise.js:547:31)
0|whaticke |     at Promise._settlePromise (/home/whaticketapp/whaticket-free/backend/node_modules/bluebird/js/release/promise.js:604:18)
0|whaticke |     at Promise._settlePromise0 (/home/whaticketapp/whaticket-free/backend/node_modules/bluebird/js/release/promise.js:649:10)
0|whaticke |     at Promise._settlePromises (/home/whaticketapp/whaticket-free/backend/node_modules/bluebird/js/release/promise.js:725:18)
0|whaticke |     at _drainQueueStep (/home/whaticketapp/whaticket-free/backend/node_modules/bluebird/js/release/async.js:93:12)
0|whaticke |     at _drainQueue (/home/whaticketapp/whaticket-free/backend/node_modules/bluebird/js/release/async.js:86:9)
0|whaticke |     at Async._drainQueues (/home/whaticketapp/whaticket-free/backend/node_modules/bluebird/js/release/async.js:102:5)
0|whaticke |     at Async.drainQueues (/home/whaticketapp/whaticket-free/backend/node_modules/bluebird/js/release/async.js:15:14)
0|whaticke |     at process.processImmediate (node:internal/timers:485:21)
0|whaticke |     at process.topLevelDomainCallback (node:domain:161:15)
0|whaticke |     at process.callbackTrampoline (node:internal/async_hooks:128:24) {
0|whaticke |   errors: [
0|whaticke |     ValidationErrorItem {
0|whaticke |       message: 'number must be unique',
0|whaticke |       type: 'unique violation',
0|whaticke |       path: 'number',
0|whaticke |       value: '5492478577503',
0|whaticke |       origin: 'DB',
0|whaticke |       instance: [Contact],
0|whaticke |       validatorKey: 'not_unique',
0|whaticke |       validatorName: null,
0|whaticke |       validatorArgs: []
0|whaticke |     }
0|whaticke |   ],
0|whaticke |   fields: { number: '5492478577503' },
0|whaticke |   parent: error: duplicate key value violates unique constraint "Contacts_number_key"
0|whaticke |       at Parser.parseErrorMessage (/home/whaticketapp/whaticket-free/backend/node_modules/pg-protocol/dist/parser.js:285:98)
0|whaticke |       at Parser.handlePacket (/home/whaticketapp/whaticket-free/backend/node_modules/pg-protocol/dist/parser.js:122:29)
0|whaticke |       at Parser.parse (/home/whaticketapp/whaticket-free/backend/node_modules/pg-protocol/dist/parser.js:35:38)
0|whaticke |       at Socket.<anonymous> (/home/whaticketapp/whaticket-free/backend/node_modules/pg-protocol/dist/index.js:11:42)
0|whaticke |       at Socket.emit (node:events:519:28)
0|whaticke |       at Socket.emit (node:domain:552:15)
0|whaticke |       at addChunk (node:internal/streams/readable:561:12)
0|whaticke |       at readableAddChunkPushByteMode (node:internal/streams/readable:512:3)
0|whaticke |       at Readable.push (node:internal/streams/readable:392:5)
0|whaticke |       at TCP.onStreamRead (node:internal/stream_base_commons:189:23)
0|whaticke |       at TCP.callbackTrampoline (node:internal/async_hooks:130:17) {
0|whaticke |     length: 217,
0|whaticke |     severity: 'ERROR',
0|whaticke |     code: '23505',
0|whaticke |     detail: 'Key (number)=(5492478577503) already exists.',
0|whaticke |     hint: undefined,
0|whaticke |     position: undefined,
0|whaticke |     internalPosition: undefined,
0|whaticke |     internalQuery: undefined,
0|whaticke |     where: undefined,
0|whaticke |     schema: 'public',
0|whaticke |     table: 'Contacts',
0|whaticke |     column: undefined,
0|whaticke |     dataType: undefined,
0|whaticke |     constraint: 'Contacts_number_key',
0|whaticke |     file: 'nbtinsert.c',
0|whaticke |     line: '663',
0|whaticke |     routine: '_bt_check_unique',
0|whaticke |     sql: 'INSERT INTO "Contacts" ("id","name","number","email","profilePicUrl","isGroup","extrainfo","companyId","whatsappId","lid","createdAt","updatedAt") VALUES (DEFAULT,$1,$2,$3,$4,$5,$6,$7,$8,$9,$10,$11) RETURNING *;',
0|whaticke |     parameters: [
0|whaticke |       'Agustín Navarro',
0|whaticke |       '5492478577503',
0|whaticke |       '',
0|whaticke |       'https://pps.whatsapp.net/v/t61.24694-24/609063473_1101333805338792_6890609188563188958_n.jpg?stp=dst-jpg_s96x96_tt6&ccb=11-4&oh=01_Q5Aa3gH4VxYMzjqB8-9BGCy5YVrE1bazdI_zyof9gXyoAuJmzA&oe=69824577&_nc_sid=5e03e0&_nc_cat=105',
0|whaticke |       false,
0|whaticke |       '[]',
0|whaticke |       1,
0|whaticke |       11,
0|whaticke |       '124777406664808@lid',
0|whaticke |       '2026-01-24 19:26:47.950 -03:00',
0|whaticke |       '2026-01-24 19:26:47.950 -03:00'
0|whaticke |     ]
0|whaticke |   },
0|whaticke |   original: error: duplicate key value violates unique constraint "Contacts_number_key"
0|whaticke |       at Parser.parseErrorMessage (/home/whaticketapp/whaticket-free/backend/node_modules/pg-protocol/dist/parser.js:285:98)
0|whaticke |       at Parser.handlePacket (/home/whaticketapp/whaticket-free/backend/node_modules/pg-protocol/dist/parser.js:122:29)
0|whaticke |       at Parser.parse (/home/whaticketapp/whaticket-free/backend/node_modules/pg-protocol/dist/parser.js:35:38)
0|whaticke |       at Socket.<anonymous> (/home/whaticketapp/whaticket-free/backend/node_modules/pg-protocol/dist/index.js:11:42)
0|whaticke |       at Socket.emit (node:events:519:28)
0|whaticke |       at Socket.emit (node:domain:552:15)
0|whaticke |       at addChunk (node:internal/streams/readable:561:12)
0|whaticke |       at readableAddChunkPushByteMode (node:internal/streams/readable:512:3)
0|whaticke |       at Readable.push (node:internal/streams/readable:392:5)
0|whaticke |       at TCP.onStreamRead (node:internal/stream_base_commons:189:23)
0|whaticke |       at TCP.callbackTrampoline (node:internal/async_hooks:130:17) {
0|whaticke |     length: 217,
0|whaticke |     severity: 'ERROR',
0|whaticke |     code: '23505',
0|whaticke |     detail: 'Key (number)=(5492478577503) already exists.',
0|whaticke |     hint: undefined,
0|whaticke |     position: undefined,
0|whaticke |     internalPosition: undefined,
0|whaticke |     internalQuery: undefined,
0|whaticke |     where: undefined,
0|whaticke |     schema: 'public',
0|whaticke |     table: 'Contacts',
0|whaticke |     column: undefined,
0|whaticke |     dataType: undefined,
0|whaticke |     constraint: 'Contacts_number_key',
0|whaticke |     file: 'nbtinsert.c',
0|whaticke |     line: '663',
0|whaticke |     routine: '_bt_check_unique',
0|whaticke |     sql: 'INSERT INTO "Contacts" ("id","name","number","email","profilePicUrl","isGroup","extrainfo","companyId","whatsappId","lid","createdAt","updatedAt") VALUES (DEFAULT,$1,$2,$3,$4,$5,$6,$7,$8,$9,$10,$11) RETURNING *;',
0|whaticke |     parameters: [
0|whaticke |       'Agustín Navarro',
0|whaticke |       '5492478577503',
0|whaticke |       '',
0|whaticke |       'https://pps.whatsapp.net/v/t61.24694-24/609063473_1101333805338792_6890609188563188958_n.jpg?stp=dst-jpg_s96x96_tt6&ccb=11-4&oh=01_Q5Aa3gH4VxYMzjqB8-9BGCy5YVrE1bazdI_zyof9gXyoAuJmzA&oe=69824577&_nc_sid=5e03e0&_nc_cat=105',
0|whaticke |       false,
0|whaticke |       '[]',
0|whaticke |       1,
0|whaticke |       11,
0|whaticke |       '124777406664808@lid',
0|whaticke |       '2026-01-24 19:26:47.950 -03:00',
0|whaticke |       '2026-01-24 19:26:47.950 -03:00'
0|whaticke |     ]
0|whaticke |   },
0|whaticke |   sql: 'INSERT INTO "Contacts" ("id","name","number","email","profilePicUrl","isGroup","extrainfo","companyId","whatsappId","lid","createdAt","updatedAt") VALUES (DEFAULT,$1,$2,$3,$4,$5,$6,$7,$8,$9,$10,$11) RETURNING *;'
0|whaticke | }
0|whaticke | ❌ ERROR CRÍTICO: No se encontró contacto existente a pesar del error de duplicado
0|whaticke |    Número: 5492478577503
0|whaticke |    Company ID: 1
0|whaticke | ❌ Error en handleMessage: UniqueConstraintError [SequelizeUniqueConstraintError]: Validation error
0|whaticke |     at Query.formatError (/home/whaticketapp/whaticket-free/backend/node_modules/sequelize/lib/dialects/postgres/query.js:324:18)
0|whaticke |     at /home/whaticketapp/whaticket-free/backend/node_modules/sequelize/lib/dialects/postgres/query.js:72:18
0|whaticke |     at tryCatcher (/home/whaticketapp/whaticket-free/backend/node_modules/bluebird/js/release/util.js:16:23)
0|whaticke |     at Promise._settlePromiseFromHandler (/home/whaticketapp/whaticket-free/backend/node_modules/bluebird/js/release/promise.js:547:31)
0|whaticke |     at Promise._settlePromise (/home/whaticketapp/whaticket-free/backend/node_modules/bluebird/js/release/promise.js:604:18)
0|whaticke |     at Promise._settlePromise0 (/home/whaticketapp/whaticket-free/backend/node_modules/bluebird/js/release/promise.js:649:10)
0|whaticke |     at Promise._settlePromises (/home/whaticketapp/whaticket-free/backend/node_modules/bluebird/js/release/promise.js:725:18)
0|whaticke |     at _drainQueueStep (/home/whaticketapp/whaticket-free/backend/node_modules/bluebird/js/release/async.js:93:12)
0|whaticke |     at _drainQueue (/home/whaticketapp/whaticket-free/backend/node_modules/bluebird/js/release/async.js:86:9)
0|whaticke |     at Async._drainQueues (/home/whaticketapp/whaticket-free/backend/node_modules/bluebird/js/release/async.js:102:5)
0|whaticke |     at Async.drainQueues (/home/whaticketapp/whaticket-free/backend/node_modules/bluebird/js/release/async.js:15:14)
0|whaticke |     at process.processImmediate (node:internal/timers:485:21)
0|whaticke |     at process.topLevelDomainCallback (node:domain:161:15)
0|whaticke |     at process.callbackTrampoline (node:internal/async_hooks:128:24) {
0|whaticke |   errors: [
0|whaticke |     ValidationErrorItem {
0|whaticke |       message: 'number must be unique',
0|whaticke |       type: 'unique violation',
0|whaticke |       path: 'number',
0|whaticke |       value: '5492478577503',
0|whaticke |       origin: 'DB',
0|whaticke |       instance: [Contact],
0|whaticke |       validatorKey: 'not_unique',
0|whaticke |       validatorName: null,
0|whaticke |       validatorArgs: []
0|whaticke |     }
0|whaticke |   ],
0|whaticke |   fields: { number: '5492478577503' },
0|whaticke |   parent: error: duplicate key value violates unique constraint "Contacts_number_key"
0|whaticke |       at Parser.parseErrorMessage (/home/whaticketapp/whaticket-free/backend/node_modules/pg-protocol/dist/parser.js:285:98)
0|whaticke |       at Parser.handlePacket (/home/whaticketapp/whaticket-free/backend/node_modules/pg-protocol/dist/parser.js:122:29)
0|whaticke |       at Parser.parse (/home/whaticketapp/whaticket-free/backend/node_modules/pg-protocol/dist/parser.js:35:38)
0|whaticke |       at Socket.<anonymous> (/home/whaticketapp/whaticket-free/backend/node_modules/pg-protocol/dist/index.js:11:42)
0|whaticke |       at Socket.emit (node:events:519:28)
0|whaticke |       at Socket.emit (node:domain:552:15)
0|whaticke |       at addChunk (node:internal/streams/readable:561:12)
0|whaticke |       at readableAddChunkPushByteMode (node:internal/streams/readable:512:3)
0|whaticke |       at Readable.push (node:internal/streams/readable:392:5)
0|whaticke |       at TCP.onStreamRead (node:internal/stream_base_commons:189:23)
0|whaticke |       at TCP.callbackTrampoline (node:internal/async_hooks:130:17) {
0|whaticke |     length: 217,
0|whaticke |     severity: 'ERROR',
0|whaticke |     code: '23505',
0|whaticke |     detail: 'Key (number)=(5492478577503) already exists.',
0|whaticke |     hint: undefined,
0|whaticke |     position: undefined,
0|whaticke |     internalPosition: undefined,
0|whaticke |     internalQuery: undefined,
0|whaticke |     where: undefined,
0|whaticke |     schema: 'public',
0|whaticke |     table: 'Contacts',
0|whaticke |     column: undefined,
0|whaticke |     dataType: undefined,
0|whaticke |     constraint: 'Contacts_number_key',
0|whaticke |     file: 'nbtinsert.c',
0|whaticke |     line: '663',
0|whaticke |     routine: '_bt_check_unique',
0|whaticke |     sql: 'INSERT INTO "Contacts" ("id","name","number","email","profilePicUrl","isGroup","extrainfo","companyId","whatsappId","lid","createdAt","updatedAt") VALUES (DEFAULT,$1,$2,$3,$4,$5,$6,$7,$8,$9,$10,$11) RETURNING *;',
0|whaticke |     parameters: [
0|whaticke |       'Agustín Navarro',
0|whaticke |       '5492478577503',
0|whaticke |       '',
0|whaticke |       'https://pps.whatsapp.net/v/t61.24694-24/609063473_1101333805338792_6890609188563188958_n.jpg?stp=dst-jpg_s96x96_tt6&ccb=11-4&oh=01_Q5Aa3gH4VxYMzjqB8-9BGCy5YVrE1bazdI_zyof9gXyoAuJmzA&oe=69824577&_nc_sid=5e03e0&_nc_cat=105',
0|whaticke |       false,
0|whaticke |       '[]',
0|whaticke |       1,
0|whaticke |       11,
0|whaticke |       '124777406664808@lid',
0|whaticke |       '2026-01-24 19:26:47.950 -03:00',
0|whaticke |       '2026-01-24 19:26:47.950 -03:00'
0|whaticke |     ]
0|whaticke |   },
0|whaticke |   original: error: duplicate key value violates unique constraint "Contacts_number_key"
0|whaticke |       at Parser.parseErrorMessage (/home/whaticketapp/whaticket-free/backend/node_modules/pg-protocol/dist/parser.js:285:98)
0|whaticke |       at Parser.handlePacket (/home/whaticketapp/whaticket-free/backend/node_modules/pg-protocol/dist/parser.js:122:29)
0|whaticke |       at Parser.parse (/home/whaticketapp/whaticket-free/backend/node_modules/pg-protocol/dist/parser.js:35:38)
0|whaticke |       at Socket.<anonymous> (/home/whaticketapp/whaticket-free/backend/node_modules/pg-protocol/dist/index.js:11:42)
0|whaticke |       at Socket.emit (node:events:519:28)
0|whaticke |       at Socket.emit (node:domain:552:15)
0|whaticke |       at addChunk (node:internal/streams/readable:561:12)
0|whaticke |       at readableAddChunkPushByteMode (node:internal/streams/readable:512:3)
0|whaticke |       at Readable.push (node:internal/streams/readable:392:5)
0|whaticke |       at TCP.onStreamRead (node:internal/stream_base_commons:189:23)
0|whaticke |       at TCP.callbackTrampoline (node:internal/async_hooks:130:17) {
0|whaticke |     length: 217,
0|whaticke |     severity: 'ERROR',
0|whaticke |     code: '23505',
0|whaticke |     detail: 'Key (number)=(5492478577503) already exists.',
0|whaticke |     hint: undefined,
0|whaticke |     position: undefined,
0|whaticke |     internalPosition: undefined,
0|whaticke |     internalQuery: undefined,
0|whaticke |     where: undefined,
0|whaticke |     schema: 'public',
0|whaticke |     table: 'Contacts',
0|whaticke |     column: undefined,
0|whaticke |     dataType: undefined,
0|whaticke |     constraint: 'Contacts_number_key',
0|whaticke |     file: 'nbtinsert.c',
0|whaticke |     line: '663',
0|whaticke |     routine: '_bt_check_unique',
0|whaticke |     sql: 'INSERT INTO "Contacts" ("id","name","number","email","profilePicUrl","isGroup","extrainfo","companyId","whatsappId","lid","createdAt","updatedAt") VALUES (DEFAULT,$1,$2,$3,$4,$5,$6,$7,$8,$9,$10,$11) RETURNING *;',
0|whaticke |     parameters: [
0|whaticke |       'Agustín Navarro',
0|whaticke |       '5492478577503',
0|whaticke |       '',
0|whaticke |       'https://pps.whatsapp.net/v/t61.24694-24/609063473_1101333805338792_6890609188563188958_n.jpg?stp=dst-jpg_s96x96_tt6&ccb=11-4&oh=01_Q5Aa3gH4VxYMzjqB8-9BGCy5YVrE1bazdI_zyof9gXyoAuJmzA&oe=69824577&_nc_sid=5e03e0&_nc_cat=105',
0|whaticke |       false,
0|whaticke |       '[]',
0|whaticke |       1,
0|whaticke |       11,
0|whaticke |       '124777406664808@lid',
0|whaticke |       '2026-01-24 19:26:47.950 -03:00',
0|whaticke |       '2026-01-24 19:26:47.950 -03:00'
0|whaticke |     ]
0|whaticke |   },
0|whaticke |   sql: 'INSERT INTO "Contacts" ("id","name","number","email","profilePicUrl","isGroup","extrainfo","companyId","whatsappId","lid","createdAt","updatedAt") VALUES (DEFAULT,$1,$2,$3,$4,$5,$6,$7,$8,$9,$10,$11) RETURNING *;'
0|whaticke | }

/home/whaticketapp/.pm2/logs/whaticket-backend-out-0.log last 1000 lines:
0|whaticke | [22:25:03.704] ERROR: Middleware authentication FAILED:
0|whaticke | 🟢🟢🟢 SOCKET.IO MIDDLEWARE EXECUTED!
0|whaticke | [22:25:04.282] INFO: === MIDDLEWARE EXECUTED ===
0|whaticke | [22:25:04.282] INFO: Socket ID:
0|whaticke | [22:25:04.282] INFO: Handshake query:
0|whaticke | [22:25:04.282] INFO: Token param:
0|whaticke | [22:25:04.283] ERROR: Middleware authentication FAILED:
0|whaticke | 🟢🟢🟢 SOCKET.IO MIDDLEWARE EXECUTED!
0|whaticke | [22:25:04.408] INFO: === MIDDLEWARE EXECUTED ===
0|whaticke | [22:25:04.408] INFO: Socket ID:
0|whaticke | [22:25:04.408] INFO: Handshake query:
0|whaticke | [22:25:04.408] INFO: Token param:
0|whaticke | [22:25:04.409] ERROR: Middleware authentication FAILED:
0|whaticke | 🟢🟢🟢 SOCKET.IO MIDDLEWARE EXECUTED!
0|whaticke | [22:25:06.087] INFO: === MIDDLEWARE EXECUTED ===
0|whaticke | [22:25:06.088] INFO: Socket ID:
0|whaticke | [22:25:06.088] INFO: Handshake query:
0|whaticke | [22:25:06.088] INFO: Token param:
0|whaticke | [22:25:06.089] ERROR: Middleware authentication FAILED:
0|whaticke | 🟢🟢🟢 SOCKET.IO MIDDLEWARE EXECUTED!
0|whaticke | [22:25:06.440] INFO: === MIDDLEWARE EXECUTED ===
0|whaticke | [22:25:06.440] INFO: Socket ID:
0|whaticke | [22:25:06.440] INFO: Handshake query:
0|whaticke | [22:25:06.440] INFO: Token param:
0|whaticke | [22:25:06.441] ERROR: Middleware authentication FAILED:
0|whaticke | [22:25:15.241] INFO: Client disconnected:
0|whaticke | [22:25:15.242] INFO: Client disconnected:
0|whaticke | [22:25:15.242] INFO: Client disconnected:
0|whaticke | 🟢🟢🟢 SOCKET.IO MIDDLEWARE EXECUTED!
0|whaticke | [22:25:16.812] INFO: === MIDDLEWARE EXECUTED ===
0|whaticke | [22:25:16.812] INFO: Socket ID:
0|whaticke | [22:25:16.812] INFO: Handshake query:
0|whaticke | [22:25:16.813] INFO: Token param:
0|whaticke | [22:25:16.813] INFO: Middleware SUCCESS - User ID:
0|whaticke | 🟢🟢🟢 CONNECTION EVENT FINALLY FIRED!
0|whaticke | [22:25:16.813] INFO: === CONNECTION EVENT ===
0|whaticke | [22:25:16.813] INFO: Socket ID:
0|whaticke | [22:25:16.813] INFO: Attached user ID:
0|whaticke | 🟢🟢🟢 SOCKET.IO MIDDLEWARE EXECUTED!
0|whaticke | [22:25:16.816] INFO: === MIDDLEWARE EXECUTED ===
0|whaticke | [22:25:16.816] INFO: Socket ID:
0|whaticke | [22:25:16.817] INFO: Handshake query:
0|whaticke | [22:25:16.818] INFO: Token param:
0|whaticke | [22:25:16.818] INFO: Middleware SUCCESS - User ID:
0|whaticke | 🟢🟢🟢 CONNECTION EVENT FINALLY FIRED!
0|whaticke | [22:25:16.819] INFO: === CONNECTION EVENT ===
0|whaticke | [22:25:16.819] INFO: Socket ID:
0|whaticke | [22:25:16.820] INFO: Attached user ID:
0|whaticke | [22:25:16.825] INFO: Client Connected - User:
0|whaticke | [22:25:16.827] INFO: Client Connected - User:
0|whaticke | [22:25:17.372] INFO: Ticket 71 messages read
0|whaticke | 🟢🟢🟢 SOCKET.IO MIDDLEWARE EXECUTED!
0|whaticke | [22:25:17.585] INFO: === MIDDLEWARE EXECUTED ===
0|whaticke | [22:25:17.585] INFO: Socket ID:
0|whaticke | [22:25:17.585] INFO: Handshake query:
0|whaticke | [22:25:17.586] INFO: Token param:
0|whaticke | [22:25:17.586] INFO: Middleware SUCCESS - User ID:
0|whaticke | 🟢🟢🟢 CONNECTION EVENT FINALLY FIRED!
0|whaticke | [22:25:17.587] INFO: === CONNECTION EVENT ===
0|whaticke | [22:25:17.587] INFO: Socket ID:
0|whaticke | [22:25:17.587] INFO: Attached user ID:
0|whaticke | [22:25:17.597] INFO: Client Connected - User:
0|whaticke | [22:25:18.370] INFO: Client disconnected:
0|whaticke | [22:25:18.371] INFO: Client disconnected:
0|whaticke | [22:25:18.371] INFO: Client disconnected:
0|whaticke | 🟢🟢🟢 SOCKET.IO MIDDLEWARE EXECUTED!
0|whaticke | [22:25:18.427] INFO: === MIDDLEWARE EXECUTED ===
0|whaticke | [22:25:18.428] INFO: Socket ID:
0|whaticke | [22:25:18.428] INFO: Handshake query:
0|whaticke | [22:25:18.428] INFO: Token param:
0|whaticke | [22:25:18.429] INFO: Middleware SUCCESS - User ID:
0|whaticke | 🟢🟢🟢 CONNECTION EVENT FINALLY FIRED!
0|whaticke | [22:25:18.429] INFO: === CONNECTION EVENT ===
0|whaticke | [22:25:18.430] INFO: Socket ID:
0|whaticke | [22:25:18.430] INFO: Attached user ID:
0|whaticke | 🟢🟢🟢 SOCKET.IO MIDDLEWARE EXECUTED!
0|whaticke | [22:25:18.433] INFO: === MIDDLEWARE EXECUTED ===
0|whaticke | [22:25:18.433] INFO: Socket ID:
0|whaticke | [22:25:18.433] INFO: Handshake query:
0|whaticke | [22:25:18.433] INFO: Token param:
0|whaticke | [22:25:18.433] INFO: Middleware SUCCESS - User ID:
0|whaticke | 🟢🟢🟢 CONNECTION EVENT FINALLY FIRED!
0|whaticke | [22:25:18.434] INFO: === CONNECTION EVENT ===
0|whaticke | [22:25:18.434] INFO: Socket ID:
0|whaticke | [22:25:18.434] INFO: Attached user ID:
0|whaticke | [22:25:18.461] INFO: Client Connected - User:
0|whaticke | [22:25:18.465] INFO: Client Connected - User:
0|whaticke | [22:25:18.863] INFO: Ticket 72 messages read
0|whaticke | [22:25:19.061] INFO: Client disconnected:
0|whaticke | [22:25:19.061] INFO: Client disconnected:
0|whaticke | 🟢🟢🟢 SOCKET.IO MIDDLEWARE EXECUTED!
0|whaticke | [22:25:19.062] INFO: === MIDDLEWARE EXECUTED ===
0|whaticke | [22:25:19.063] INFO: Socket ID:
0|whaticke | [22:25:19.063] INFO: Handshake query:
0|whaticke | [22:25:19.063] INFO: Token param:
0|whaticke | [22:25:19.064] INFO: Middleware SUCCESS - User ID:
0|whaticke | 🟢🟢🟢 CONNECTION EVENT FINALLY FIRED!
0|whaticke | [22:25:19.065] INFO: === CONNECTION EVENT ===
0|whaticke | [22:25:19.065] INFO: Socket ID:
0|whaticke | [22:25:19.065] INFO: Attached user ID:
0|whaticke | [22:25:19.075] INFO: Client Connected - User:
0|whaticke | [22:25:19.169] INFO: Client disconnected:
0|whaticke | 🟢🟢🟢 SOCKET.IO MIDDLEWARE EXECUTED!
0|whaticke | [22:25:19.179] INFO: === MIDDLEWARE EXECUTED ===
0|whaticke | [22:25:19.179] INFO: Socket ID:
0|whaticke | [22:25:19.179] INFO: Handshake query:
0|whaticke | [22:25:19.179] INFO: Token param:
0|whaticke | [22:25:19.180] INFO: Middleware SUCCESS - User ID:
0|whaticke | 🟢🟢🟢 CONNECTION EVENT FINALLY FIRED!
0|whaticke | [22:25:19.180] INFO: === CONNECTION EVENT ===
0|whaticke | [22:25:19.180] INFO: Socket ID:
0|whaticke | [22:25:19.180] INFO: Attached user ID:
0|whaticke | 🟢🟢🟢 SOCKET.IO MIDDLEWARE EXECUTED!
0|whaticke | [22:25:19.260] INFO: === MIDDLEWARE EXECUTED ===
0|whaticke | [22:25:19.260] INFO: Socket ID:
0|whaticke | [22:25:19.260] INFO: Handshake query:
0|whaticke | [22:25:19.260] INFO: Token param:
0|whaticke | [22:25:19.261] INFO: Middleware SUCCESS - User ID:
0|whaticke | 🟢🟢🟢 CONNECTION EVENT FINALLY FIRED!
0|whaticke | [22:25:19.261] INFO: === CONNECTION EVENT ===
0|whaticke | [22:25:19.261] INFO: Socket ID:
0|whaticke | [22:25:19.261] INFO: Attached user ID:
0|whaticke | [22:25:19.265] INFO: Client Connected - User:
0|whaticke | [22:25:19.268] INFO: Client Connected - User:
0|whaticke | [22:25:19.662] INFO: Ticket 70 messages read
0|whaticke | 🟢🟢🟢 SOCKET.IO MIDDLEWARE EXECUTED!
0|whaticke | [22:25:19.766] INFO: === MIDDLEWARE EXECUTED ===
0|whaticke | [22:25:19.767] INFO: Socket ID:
0|whaticke | [22:25:19.767] INFO: Handshake query:
0|whaticke | [22:25:19.767] INFO: Token param:
0|whaticke | [22:25:19.767] INFO: Middleware SUCCESS - User ID:
0|whaticke | 🟢🟢🟢 CONNECTION EVENT FINALLY FIRED!
0|whaticke | [22:25:19.768] INFO: === CONNECTION EVENT ===
0|whaticke | [22:25:19.768] INFO: Socket ID:
0|whaticke | [22:25:19.768] INFO: Attached user ID:
0|whaticke | [22:25:19.776] INFO: Client Connected - User:
0|whaticke | [22:25:20.025] INFO: Client disconnected:
0|whaticke | [22:25:20.025] INFO: Client disconnected:
0|whaticke | [22:25:20.028] INFO: Client disconnected:
0|whaticke | 🟢🟢🟢 SOCKET.IO MIDDLEWARE EXECUTED!
0|whaticke | [22:25:20.087] INFO: === MIDDLEWARE EXECUTED ===
0|whaticke | [22:25:20.087] INFO: Socket ID:
0|whaticke | [22:25:20.088] INFO: Handshake query:
0|whaticke | [22:25:20.088] INFO: Token param:
0|whaticke | [22:25:20.088] INFO: Middleware SUCCESS - User ID:
0|whaticke | 🟢🟢🟢 CONNECTION EVENT FINALLY FIRED!
0|whaticke | [22:25:20.090] INFO: === CONNECTION EVENT ===
0|whaticke | [22:25:20.090] INFO: Socket ID:
0|whaticke | [22:25:20.090] INFO: Attached user ID:
0|whaticke | 🟢🟢🟢 SOCKET.IO MIDDLEWARE EXECUTED!
0|whaticke | [22:25:20.095] INFO: === MIDDLEWARE EXECUTED ===
0|whaticke | [22:25:20.095] INFO: Socket ID:
0|whaticke | [22:25:20.095] INFO: Handshake query:
0|whaticke | [22:25:20.096] INFO: Token param:
0|whaticke | [22:25:20.096] INFO: Middleware SUCCESS - User ID:
0|whaticke | 🟢🟢🟢 CONNECTION EVENT FINALLY FIRED!
0|whaticke | [22:25:20.097] INFO: === CONNECTION EVENT ===
0|whaticke | [22:25:20.097] INFO: Socket ID:
0|whaticke | [22:25:20.097] INFO: Attached user ID:
0|whaticke | [22:25:20.101] INFO: Client Connected - User:
0|whaticke | [22:25:20.102] INFO: Client Connected - User:
0|whaticke | [22:25:20.617] INFO: Ticket 73 messages read
0|whaticke | [22:25:20.719] INFO: Client disconnected:
0|whaticke | [22:25:20.719] INFO: Client disconnected:
0|whaticke | 🟢🟢🟢 SOCKET.IO MIDDLEWARE EXECUTED!
0|whaticke | [22:25:20.777] INFO: === MIDDLEWARE EXECUTED ===
0|whaticke | [22:25:20.777] INFO: Socket ID:
0|whaticke | [22:25:20.777] INFO: Handshake query:
0|whaticke | [22:25:20.777] INFO: Token param:
0|whaticke | [22:25:20.777] INFO: Middleware SUCCESS - User ID:
0|whaticke | 🟢🟢🟢 CONNECTION EVENT FINALLY FIRED!
0|whaticke | [22:25:20.778] INFO: === CONNECTION EVENT ===
0|whaticke | [22:25:20.778] INFO: Socket ID:
0|whaticke | [22:25:20.778] INFO: Attached user ID:
0|whaticke | 🟢🟢🟢 SOCKET.IO MIDDLEWARE EXECUTED!
0|whaticke | [22:25:20.780] INFO: === MIDDLEWARE EXECUTED ===
0|whaticke | [22:25:20.780] INFO: Socket ID:
0|whaticke | [22:25:20.780] INFO: Handshake query:
0|whaticke | [22:25:20.780] INFO: Token param:
0|whaticke | [22:25:20.780] INFO: Middleware SUCCESS - User ID:
0|whaticke | 🟢🟢🟢 CONNECTION EVENT FINALLY FIRED!
0|whaticke | [22:25:20.781] INFO: === CONNECTION EVENT ===
0|whaticke | [22:25:20.781] INFO: Socket ID:
0|whaticke | [22:25:20.781] INFO: Attached user ID:
0|whaticke | [22:25:20.786] INFO: Client Connected - User:
0|whaticke | [22:25:20.789] INFO: Client Connected - User:
0|whaticke | [22:25:21.244] INFO: Ticket 71 messages read
0|whaticke | 🟢🟢🟢 SOCKET.IO MIDDLEWARE EXECUTED!
0|whaticke | [22:25:21.352] INFO: === MIDDLEWARE EXECUTED ===
0|whaticke | [22:25:21.358] INFO: Socket ID:
0|whaticke | [22:25:21.359] INFO: Handshake query:
0|whaticke | [22:25:21.359] INFO: Token param:
0|whaticke | [22:25:21.359] INFO: Middleware SUCCESS - User ID:
0|whaticke | 🟢🟢🟢 CONNECTION EVENT FINALLY FIRED!
0|whaticke | [22:25:21.360] INFO: === CONNECTION EVENT ===
0|whaticke | [22:25:21.360] INFO: Socket ID:
0|whaticke | [22:25:21.360] INFO: Attached user ID:
0|whaticke | [22:25:21.366] INFO: Client Connected - User:
0|whaticke | 🟢🟢🟢 SOCKET.IO MIDDLEWARE EXECUTED!
0|whaticke | [22:25:49.298] INFO: === MIDDLEWARE EXECUTED ===
0|whaticke | [22:25:49.298] INFO: Socket ID:
0|whaticke | [22:25:49.298] INFO: Handshake query:
0|whaticke | [22:25:49.298] INFO: Token param:
0|whaticke | [22:25:49.298] ERROR: Middleware authentication FAILED:
0|whaticke | 🟢🟢🟢 SOCKET.IO MIDDLEWARE EXECUTED!
0|whaticke | [22:25:50.309] INFO: === MIDDLEWARE EXECUTED ===
0|whaticke | [22:25:50.309] INFO: Socket ID:
0|whaticke | [22:25:50.309] INFO: Handshake query:
0|whaticke | [22:25:50.309] INFO: Token param:
0|whaticke | [22:25:50.310] ERROR: Middleware authentication FAILED:
0|whaticke | 🟢🟢🟢 SOCKET.IO MIDDLEWARE EXECUTED!
0|whaticke | [22:25:51.389] INFO: === MIDDLEWARE EXECUTED ===
0|whaticke | [22:25:51.389] INFO: Socket ID:
0|whaticke | [22:25:51.389] INFO: Handshake query:
0|whaticke | [22:25:51.389] INFO: Token param:
0|whaticke | [22:25:51.392] ERROR: Middleware authentication FAILED:
0|whaticke | 🟢🟢🟢 SOCKET.IO MIDDLEWARE EXECUTED!
0|whaticke | [22:25:51.394] INFO: === MIDDLEWARE EXECUTED ===
0|whaticke | [22:25:51.394] INFO: Socket ID:
0|whaticke | [22:25:51.394] INFO: Handshake query:
0|whaticke | [22:25:51.394] INFO: Token param:
0|whaticke | [22:25:51.394] ERROR: Middleware authentication FAILED:
0|whaticke | 🟢🟢🟢 SOCKET.IO MIDDLEWARE EXECUTED!
0|whaticke | [22:25:52.301] INFO: === MIDDLEWARE EXECUTED ===
0|whaticke | [22:25:52.302] INFO: Socket ID:
0|whaticke | [22:25:52.302] INFO: Handshake query:
0|whaticke | [22:25:52.302] INFO: Token param:
0|whaticke | [22:25:52.302] ERROR: Middleware authentication FAILED:
0|whaticke | 🟢🟢🟢 SOCKET.IO MIDDLEWARE EXECUTED!
0|whaticke | [22:25:53.362] INFO: === MIDDLEWARE EXECUTED ===
0|whaticke | [22:25:53.362] INFO: Socket ID:
0|whaticke | [22:25:53.362] INFO: Handshake query:
0|whaticke | [22:25:53.362] INFO: Token param:
0|whaticke | [22:25:53.362] ERROR: Middleware authentication FAILED:
0|whaticke | 🟢🟢🟢 SOCKET.IO MIDDLEWARE EXECUTED!
0|whaticke | [22:26:35.032] INFO: === MIDDLEWARE EXECUTED ===
0|whaticke | [22:26:35.033] INFO: Socket ID:
0|whaticke | [22:26:35.033] INFO: Handshake query:
0|whaticke | [22:26:35.033] INFO: Token param:
0|whaticke | [22:26:35.033] ERROR: Middleware authentication FAILED:
0|whaticke | 🟢🟢🟢 SOCKET.IO MIDDLEWARE EXECUTED!
0|whaticke | [22:26:36.457] INFO: === MIDDLEWARE EXECUTED ===
0|whaticke | [22:26:36.458] INFO: Socket ID:
0|whaticke | [22:26:36.458] INFO: Handshake query:
0|whaticke | [22:26:36.458] INFO: Token param:
0|whaticke | [22:26:36.458] ERROR: Middleware authentication FAILED:
0|whaticke | 🟢🟢🟢 SOCKET.IO MIDDLEWARE EXECUTED!
0|whaticke | [22:26:37.881] INFO: === MIDDLEWARE EXECUTED ===
0|whaticke | [22:26:37.881] INFO: Socket ID:
0|whaticke | [22:26:37.881] INFO: Handshake query:
0|whaticke | [22:26:37.881] INFO: Token param:
0|whaticke | [22:26:37.882] ERROR: Middleware authentication FAILED:
0|whaticke | 🟢🟢🟢 SOCKET.IO MIDDLEWARE EXECUTED!
0|whaticke | [22:26:38.021] INFO: === MIDDLEWARE EXECUTED ===
0|whaticke | [22:26:38.021] INFO: Socket ID:
0|whaticke | [22:26:38.021] INFO: Handshake query:
0|whaticke | [22:26:38.021] INFO: Token param:
0|whaticke | [22:26:38.021] ERROR: Middleware authentication FAILED:
0|whaticke | 🟢🟢🟢 SOCKET.IO MIDDLEWARE EXECUTED!
0|whaticke | [22:26:38.023] INFO: === MIDDLEWARE EXECUTED ===
0|whaticke | [22:26:38.024] INFO: Socket ID:
0|whaticke | [22:26:38.024] INFO: Handshake query:
0|whaticke | [22:26:38.024] INFO: Token param:
0|whaticke | [22:26:38.024] ERROR: Middleware authentication FAILED:
0|whaticke | 🟢🟢🟢 SOCKET.IO MIDDLEWARE EXECUTED!
0|whaticke | [22:26:39.548] INFO: === MIDDLEWARE EXECUTED ===
0|whaticke | [22:26:39.549] INFO: Socket ID:
0|whaticke | [22:26:39.549] INFO: Handshake query:
0|whaticke | [22:26:39.549] INFO: Token param:
0|whaticke | [22:26:39.549] ERROR: Middleware authentication FAILED:
0|whaticke | 
0|whaticke | 📨 ========== NUEVO MENSAJE ==========
0|whaticke | 🆔 ID: AC9712F9CF...
0|whaticke | 📞 RemoteJid: 124777406664808@lid
0|whaticke | 👤 FromMe: NO
0|whaticke | 👥 Participant: N/A
0|whaticke | 📛 PushName: Agustín Navarro
0|whaticke | ⏰ Timestamp: 10:26:46 PM
0|whaticke | 🔍 ANALIZANDO JID: 124777406664808@lid
0|whaticke |    Tipo: LID
0|whaticke | 
0|whaticke | 🔍 [GetRealNumberFromLid] INICIANDO BUSQUEDA
0|whaticke |    Input: "124777406664808@lid"
0|whaticke |    SessionId: "11"
0|whaticke |    Clean input: "124777406664808" (15 dígitos)
0|whaticke |    Tipo: Número normal
0|whaticke | 
0|whaticke | 🔍 Buscando mapping exacto: lid-mapping-124777406664808_reverse
0|whaticke | ✅ Encontrado 1 mapping(s) exacto(s)
0|whaticke |    whatsappId: 11
0|whaticke |    value: "5492478577503"
0|whaticke | 🎯 ÉXITO: 124777406664808 -> 5492478577503
0|whaticke | 🎯 [BAILEYS_SESSIONS] CONVERSIÓN EXITOSA:
0|whaticke |    Input original: 124777406664808@lid
0|whaticke |    Número real: 5492478577503
0|whaticke |    JID real: 5492478577503@s.whatsapp.net
0|whaticke |    Es LID? true
0|whaticke | ✅ FIN obtenerNumeroRealDeMensaje - BAILEYS_SESSIONS
0|whaticke | 
0|whaticke | 📞 === ANTES DE verifyContact ===
0|whaticke | msgContact recibido:
0|whaticke |   id: 5492478577503@s.whatsapp.net
0|whaticke |   name: Agustín Navarro
0|whaticke |   number: 5492478577503
0|whaticke |   esLid: SÍ
0|whaticke |   lid: 124777406664808@lid
0|whaticke |   originalJid: 124777406664808@lid
0|whaticke | ===============================
0|whaticke | 
0|whaticke | 🔴🔴🔴 VERIFYCONTACT - NUEVA VERSIÓN EJECUTÁNDOSE 🔴🔴🔴
0|whaticke | 
0|whaticke | 🔍 === verifyContact INICIO ===
0|whaticke | 📥 DATOS DE ENTRADA:
0|whaticke |    ID: 5492478577503@s.whatsapp.net
0|whaticke |    Nombre: Agustín Navarro
0|whaticke |    Número recibido: 5492478577503
0|whaticke |    Es LID?: SÍ
0|whaticke |    LID: 124777406664808@lid
0|whaticke |    JID original: 124777406664808@lid
0|whaticke | 🖼️  Foto de perfil obtenida
0|whaticke | 👤 VERIFICANDO CONTACTO:
0|whaticke |    ID recibido: 5492478577503@s.whatsapp.net
0|whaticke |    Número en msgContact: 5492478577503
0|whaticke |    Es LID?: SÍ
0|whaticke |    LID original: 124777406664808@lid
0|whaticke |    JID original: 124777406664808@lid
0|whaticke | 🔍 Contacto tiene LID, verificando número real: 124777406664808@lid
0|whaticke | 
0|whaticke | 🔍 [GetRealNumberFromLid] INICIANDO BUSQUEDA
0|whaticke |    Input: "124777406664808@lid"
0|whaticke |    SessionId: "11"
0|whaticke |    Clean input: "124777406664808" (15 dígitos)
0|whaticke |    Tipo: Número normal
0|whaticke | 
0|whaticke | 🔍 Buscando mapping exacto: lid-mapping-124777406664808_reverse
0|whaticke | ✅ Encontrado 1 mapping(s) exacto(s)
0|whaticke |    whatsappId: 11
0|whaticke |    value: "5492478577503"
0|whaticke | 🎯 ÉXITO: 124777406664808 -> 5492478577503
0|whaticke | ✅ [BAILEYS_SESSIONS] LID convertido a número en verifyContact: 5492478577503
0|whaticke | 📝 DATOS FINALES DEL CONTACTO:
0|whaticke |    Nombre: Agustín Navarro
0|whaticke |    Número: 5492478577503
0|whaticke |    LID guardado: 124777406664808@lid
0|whaticke |    Company ID: 1
0|whaticke |    WhatsApp ID: 11
0|whaticke |    originaljid: 124777406664808@lid
0|whaticke | ⚠️  ERROR DE DUPLICADO DETECTADO
0|whaticke |    Buscando contacto existente para: 5492478577503
0|whaticke |    Company ID: 1
0|whaticke | [22:26:47.968] ERROR: Error handling whatsapp message: Err: SequelizeUniqueConstraintError: Validation error
0|whaticke | 🟢🟢🟢 SOCKET.IO MIDDLEWARE EXECUTED!
0|whaticke | [22:27:21.345] INFO: === MIDDLEWARE EXECUTED ===
0|whaticke | [22:27:21.346] INFO: Socket ID:
0|whaticke | [22:27:21.346] INFO: Handshake query:
0|whaticke | [22:27:21.346] INFO: Token param:
0|whaticke | [22:27:21.346] ERROR: Middleware authentication FAILED:
0|whaticke | 🟢🟢🟢 SOCKET.IO MIDDLEWARE EXECUTED!
0|whaticke | [22:27:22.986] INFO: === MIDDLEWARE EXECUTED ===
0|whaticke | [22:27:22.986] INFO: Socket ID:
0|whaticke | [22:27:22.986] INFO: Handshake query:
0|whaticke | [22:27:22.986] INFO: Token param:
0|whaticke | [22:27:22.986] ERROR: Middleware authentication FAILED:
0|whaticke | 🟢🟢🟢 SOCKET.IO MIDDLEWARE EXECUTED!
0|whaticke | [22:27:23.973] INFO: === MIDDLEWARE EXECUTED ===
0|whaticke | [22:27:23.973] INFO: Socket ID:
0|whaticke | [22:27:23.973] INFO: Handshake query:
0|whaticke | [22:27:23.973] INFO: Token param:
0|whaticke | [22:27:23.974] ERROR: Middleware authentication FAILED:
0|whaticke | 🟢🟢🟢 SOCKET.IO MIDDLEWARE EXECUTED!
0|whaticke | [22:27:24.092] INFO: === MIDDLEWARE EXECUTED ===
0|whaticke | [22:27:24.092] INFO: Socket ID:
0|whaticke | [22:27:24.092] INFO: Handshake query:
0|whaticke | [22:27:24.093] INFO: Token param:
0|whaticke | [22:27:24.093] ERROR: Middleware authentication FAILED:
0|whaticke | 🟢🟢🟢 SOCKET.IO MIDDLEWARE EXECUTED!
0|whaticke | [22:27:24.223] INFO: === MIDDLEWARE EXECUTED ===
0|whaticke | [22:27:24.223] INFO: Socket ID:
0|whaticke | [22:27:24.223] INFO: Handshake query:
0|whaticke | [22:27:24.223] INFO: Token param:
0|whaticke | [22:27:24.223] ERROR: Middleware authentication FAILED:
0|whaticke | 🟢🟢🟢 SOCKET.IO MIDDLEWARE EXECUTED!
0|whaticke | [22:27:25.679] INFO: === MIDDLEWARE EXECUTED ===
0|whaticke | [22:27:25.680] INFO: Socket ID:
0|whaticke | [22:27:25.680] INFO: Handshake query:
0|whaticke | [22:27:25.680] INFO: Token param:
0|whaticke | [22:27:25.680] ERROR: Middleware authentication FAILED:
0|whaticke | 🟢🟢🟢 SOCKET.IO MIDDLEWARE EXECUTED!
0|whaticke | [22:28:07.957] INFO: === MIDDLEWARE EXECUTED ===
0|whaticke | [22:28:07.957] INFO: Socket ID:
0|whaticke | [22:28:07.957] INFO: Handshake query:
0|whaticke | [22:28:07.957] INFO: Token param:
0|whaticke | [22:28:07.958] ERROR: Middleware authentication FAILED:
0|whaticke | 🟢🟢🟢 SOCKET.IO MIDDLEWARE EXECUTED!
0|whaticke | [22:28:09.565] INFO: === MIDDLEWARE EXECUTED ===
0|whaticke | [22:28:09.566] INFO: Socket ID:
0|whaticke | [22:28:09.566] INFO: Handshake query:
0|whaticke | [22:28:09.566] INFO: Token param:
0|whaticke | [22:28:09.566] ERROR: Middleware authentication FAILED:
0|whaticke | 🟢🟢🟢 SOCKET.IO MIDDLEWARE EXECUTED!
0|whaticke | [22:28:10.149] INFO: === MIDDLEWARE EXECUTED ===
0|whaticke | [22:28:10.149] INFO: Socket ID:
0|whaticke | [22:28:10.150] INFO: Handshake query:
0|whaticke | [22:28:10.150] INFO: Token param:
0|whaticke | [22:28:10.151] ERROR: Middleware authentication FAILED:
0|whaticke | 🟢🟢🟢 SOCKET.IO MIDDLEWARE EXECUTED!
0|whaticke | [22:28:10.156] INFO: === MIDDLEWARE EXECUTED ===
0|whaticke | [22:28:10.156] INFO: Socket ID:
0|whaticke | [22:28:10.157] INFO: Handshake query:
0|whaticke | [22:28:10.157] INFO: Token param:
0|whaticke | [22:28:10.157] ERROR: Middleware authentication FAILED:
0|whaticke | 🟢🟢🟢 SOCKET.IO MIDDLEWARE EXECUTED!
0|whaticke | [22:28:10.425] INFO: === MIDDLEWARE EXECUTED ===
0|whaticke | [22:28:10.425] INFO: Socket ID:
0|whaticke | [22:28:10.425] INFO: Handshake query:
0|whaticke | [22:28:10.425] INFO: Token param:
0|whaticke | [22:28:10.426] ERROR: Middleware authentication FAILED:
0|whaticke | 🟢🟢🟢 SOCKET.IO MIDDLEWARE EXECUTED!
0|whaticke | [22:28:12.237] INFO: === MIDDLEWARE EXECUTED ===
0|whaticke | [22:28:12.237] INFO: Socket ID:
0|whaticke | [22:28:12.237] INFO: Handshake query:
0|whaticke | [22:28:12.237] INFO: Token param:
0|whaticke | [22:28:12.238] ERROR: Middleware authentication FAILED:
0|whaticke | 🟢🟢🟢 SOCKET.IO MIDDLEWARE EXECUTED!
0|whaticke | [22:28:54.287] INFO: === MIDDLEWARE EXECUTED ===
0|whaticke | [22:28:54.287] INFO: Socket ID:
0|whaticke | [22:28:54.288] INFO: Handshake query:
0|whaticke | [22:28:54.288] INFO: Token param:
0|whaticke | [22:28:54.288] ERROR: Middleware authentication FAILED:
0|whaticke | 🟢🟢🟢 SOCKET.IO MIDDLEWARE EXECUTED!
0|whaticke | [22:28:55.641] INFO: === MIDDLEWARE EXECUTED ===
0|whaticke | [22:28:55.642] INFO: Socket ID:
0|whaticke | [22:28:55.642] INFO: Handshake query:
0|whaticke | [22:28:55.642] INFO: Token param:
0|whaticke | [22:28:55.642] ERROR: Middleware authentication FAILED:
0|whaticke | 🟢🟢🟢 SOCKET.IO MIDDLEWARE EXECUTED!
0|whaticke | [22:28:56.348] INFO: === MIDDLEWARE EXECUTED ===
0|whaticke | [22:28:56.348] INFO: Socket ID:
0|whaticke | [22:28:56.349] INFO: Handshake query:
0|whaticke | [22:28:56.349] INFO: Token param:
0|whaticke | [22:28:56.349] ERROR: Middleware authentication FAILED:
0|whaticke | 🟢🟢🟢 SOCKET.IO MIDDLEWARE EXECUTED!
0|whaticke | [22:28:56.352] INFO: === MIDDLEWARE EXECUTED ===
0|whaticke | [22:28:56.353] INFO: Socket ID:
0|whaticke | [22:28:56.353] INFO: Handshake query:
0|whaticke | [22:28:56.353] INFO: Token param:
0|whaticke | [22:28:56.353] ERROR: Middleware authentication FAILED:
0|whaticke | 🟢🟢🟢 SOCKET.IO MIDDLEWARE EXECUTED!
0|whaticke | [22:28:56.944] INFO: === MIDDLEWARE EXECUTED ===
0|whaticke | [22:28:56.945] INFO: Socket ID:
0|whaticke | [22:28:56.945] INFO: Handshake query:
0|whaticke | [22:28:56.945] INFO: Token param:
0|whaticke | [22:28:56.945] ERROR: Middleware authentication FAILED:
0|whaticke | 🟢🟢🟢 SOCKET.IO MIDDLEWARE EXECUTED!
0|whaticke | [22:28:58.743] INFO: === MIDDLEWARE EXECUTED ===
0|whaticke | [22:28:58.743] INFO: Socket ID:
0|whaticke | [22:28:58.743] INFO: Handshake query:
0|whaticke | [22:28:58.743] INFO: Token param:
0|whaticke | [22:28:58.743] ERROR: Middleware authentication FAILED:
0|whaticke | 🟢🟢🟢 SOCKET.IO MIDDLEWARE EXECUTED!
0|whaticke | [22:29:40.352] INFO: === MIDDLEWARE EXECUTED ===
0|whaticke | [22:29:40.353] INFO: Socket ID:
0|whaticke | [22:29:40.353] INFO: Handshake query:
0|whaticke | [22:29:40.353] INFO: Token param:
0|whaticke | [22:29:40.354] ERROR: Middleware authentication FAILED:
0|whaticke | 🟢🟢🟢 SOCKET.IO MIDDLEWARE EXECUTED!
0|whaticke | [22:29:42.320] INFO: === MIDDLEWARE EXECUTED ===
0|whaticke | [22:29:42.321] INFO: Socket ID:
0|whaticke | [22:29:42.322] INFO: Handshake query:
0|whaticke | [22:29:42.322] INFO: Token param:
0|whaticke | [22:29:42.323] ERROR: Middleware authentication FAILED:
0|whaticke | 🟢🟢🟢 SOCKET.IO MIDDLEWARE EXECUTED!
0|whaticke | [22:29:43.311] INFO: === MIDDLEWARE EXECUTED ===
0|whaticke | [22:29:43.312] INFO: Socket ID:
0|whaticke | [22:29:43.312] INFO: Handshake query:
0|whaticke | [22:29:43.313] INFO: Token param:
0|whaticke | [22:29:43.313] ERROR: Middleware authentication FAILED:
0|whaticke | 🟢🟢🟢 SOCKET.IO MIDDLEWARE EXECUTED!
0|whaticke | [22:29:43.332] INFO: === MIDDLEWARE EXECUTED ===
0|whaticke | [22:29:43.332] INFO: Socket ID:
0|whaticke | [22:29:43.333] INFO: Handshake query:
0|whaticke | [22:29:43.333] INFO: Token param:
0|whaticke | [22:29:43.334] ERROR: Middleware authentication FAILED:
0|whaticke | 🟢🟢🟢 SOCKET.IO MIDDLEWARE EXECUTED!
0|whaticke | [22:29:43.350] INFO: === MIDDLEWARE EXECUTED ===
0|whaticke | [22:29:43.351] INFO: Socket ID:
0|whaticke | [22:29:43.351] INFO: Handshake query:
0|whaticke | [22:29:43.351] INFO: Token param:
0|whaticke | [22:29:43.352] ERROR: Middleware authentication FAILED:
0|whaticke | 🟢🟢🟢 SOCKET.IO MIDDLEWARE EXECUTED!
0|whaticke | [22:29:45.298] INFO: === MIDDLEWARE EXECUTED ===
0|whaticke | [22:29:45.298] INFO: Socket ID:
0|whaticke | [22:29:45.298] INFO: Handshake query:
0|whaticke | [22:29:45.298] INFO: Token param:
0|whaticke | [22:29:45.298] ERROR: Middleware authentication FAILED:
0|whaticke | 🟢🟢🟢 SOCKET.IO MIDDLEWARE EXECUTED!
0|whaticke | [22:30:27.306] INFO: === MIDDLEWARE EXECUTED ===
0|whaticke | [22:30:27.307] INFO: Socket ID:
0|whaticke | [22:30:27.307] INFO: Handshake query:
0|whaticke | [22:30:27.307] INFO: Token param:
0|whaticke | [22:30:27.307] ERROR: Middleware authentication FAILED:
0|whaticke | 🟢🟢🟢 SOCKET.IO MIDDLEWARE EXECUTED!
0|whaticke | [22:30:29.696] INFO: === MIDDLEWARE EXECUTED ===
0|whaticke | [22:30:29.696] INFO: Socket ID:
0|whaticke | [22:30:29.696] INFO: Handshake query:
0|whaticke | [22:30:29.696] INFO: Token param:
0|whaticke | [22:30:29.697] ERROR: Middleware authentication FAILED:
0|whaticke | 🟢🟢🟢 SOCKET.IO MIDDLEWARE EXECUTED!
0|whaticke | [22:30:30.355] INFO: === MIDDLEWARE EXECUTED ===
0|whaticke | [22:30:30.355] INFO: Socket ID:
0|whaticke | [22:30:30.356] INFO: Handshake query:
0|whaticke | [22:30:30.356] INFO: Token param:
0|whaticke | [22:30:30.356] ERROR: Middleware authentication FAILED:
0|whaticke | 🟢🟢🟢 SOCKET.IO MIDDLEWARE EXECUTED!
0|whaticke | [22:30:30.360] INFO: === MIDDLEWARE EXECUTED ===
0|whaticke | [22:30:30.360] INFO: Socket ID:
0|whaticke | [22:30:30.360] INFO: Handshake query:
0|whaticke | [22:30:30.360] INFO: Token param:
0|whaticke | [22:30:30.361] ERROR: Middleware authentication FAILED:
0|whaticke | 🟢🟢🟢 SOCKET.IO MIDDLEWARE EXECUTED!
0|whaticke | [22:30:30.365] INFO: === MIDDLEWARE EXECUTED ===
0|whaticke | [22:30:30.366] INFO: Socket ID:
0|whaticke | [22:30:30.366] INFO: Handshake query:
0|whaticke | [22:30:30.366] INFO: Token param:
0|whaticke | [22:30:30.366] ERROR: Middleware authentication FAILED:
0|whaticke | 🟢🟢🟢 SOCKET.IO MIDDLEWARE EXECUTED!
0|whaticke | [22:30:32.437] INFO: === MIDDLEWARE EXECUTED ===
0|whaticke | [22:30:32.437] INFO: Socket ID:
0|whaticke | [22:30:32.437] INFO: Handshake query:
0|whaticke | [22:30:32.437] INFO: Token param:
0|whaticke | [22:30:32.438] ERROR: Middleware authentication FAILED:
0|whaticke | 🟢🟢🟢 SOCKET.IO MIDDLEWARE EXECUTED!
0|whaticke | [22:31:13.304] INFO: === MIDDLEWARE EXECUTED ===
0|whaticke | [22:31:13.304] INFO: Socket ID:
0|whaticke | [22:31:13.305] INFO: Handshake query:
0|whaticke | [22:31:13.305] INFO: Token param:
0|whaticke | [22:31:13.305] ERROR: Middleware authentication FAILED:
0|whaticke | 🟢🟢🟢 SOCKET.IO MIDDLEWARE EXECUTED!
0|whaticke | [22:31:15.289] INFO: === MIDDLEWARE EXECUTED ===
0|whaticke | [22:31:15.290] INFO: Socket ID:
0|whaticke | [22:31:15.290] INFO: Handshake query:
0|whaticke | [22:31:15.290] INFO: Token param:
0|whaticke | [22:31:15.290] ERROR: Middleware authentication FAILED:
0|whaticke | 🟢🟢🟢 SOCKET.IO MIDDLEWARE EXECUTED!
0|whaticke | [22:31:16.344] INFO: === MIDDLEWARE EXECUTED ===
0|whaticke | [22:31:16.345] INFO: Socket ID:
0|whaticke | [22:31:16.345] INFO: Handshake query:
0|whaticke | [22:31:16.345] INFO: Token param:
0|whaticke | [22:31:16.345] ERROR: Middleware authentication FAILED:
0|whaticke | 🟢🟢🟢 SOCKET.IO MIDDLEWARE EXECUTED!
0|whaticke | [22:31:16.347] INFO: === MIDDLEWARE EXECUTED ===
0|whaticke | [22:31:16.347] INFO: Socket ID:
0|whaticke | [22:31:16.347] INFO: Handshake query:
0|whaticke | [22:31:16.347] INFO: Token param:
0|whaticke | [22:31:16.347] ERROR: Middleware authentication FAILED:
0|whaticke | 🟢🟢🟢 SOCKET.IO MIDDLEWARE EXECUTED!
0|whaticke | [22:31:17.328] INFO: === MIDDLEWARE EXECUTED ===
0|whaticke | [22:31:17.328] INFO: Socket ID:
0|whaticke | [22:31:17.328] INFO: Handshake query:
0|whaticke | [22:31:17.329] INFO: Token param:
0|whaticke | [22:31:17.329] ERROR: Middleware authentication FAILED:
0|whaticke | 🟢🟢🟢 SOCKET.IO MIDDLEWARE EXECUTED!
0|whaticke | [22:31:18.307] INFO: === MIDDLEWARE EXECUTED ===
0|whaticke | [22:31:18.307] INFO: Socket ID:
0|whaticke | [22:31:18.307] INFO: Handshake query:
0|whaticke | [22:31:18.307] INFO: Token param:
0|whaticke | [22:31:18.308] ERROR: Middleware authentication FAILED:
0|whaticke | 🟢🟢🟢 SOCKET.IO MIDDLEWARE EXECUTED!
0|whaticke | [22:31:59.471] INFO: === MIDDLEWARE EXECUTED ===
0|whaticke | [22:31:59.471] INFO: Socket ID:
0|whaticke | [22:31:59.472] INFO: Handshake query:
0|whaticke | [22:31:59.472] INFO: Token param:
0|whaticke | [22:31:59.472] ERROR: Middleware authentication FAILED:
0|whaticke | 🟢🟢🟢 SOCKET.IO MIDDLEWARE EXECUTED!
0|whaticke | [22:32:02.427] INFO: === MIDDLEWARE EXECUTED ===
0|whaticke | [22:32:02.427] INFO: Socket ID:
0|whaticke | [22:32:02.427] INFO: Handshake query:
0|whaticke | [22:32:02.427] INFO: Token param:
0|whaticke | [22:32:02.427] ERROR: Middleware authentication FAILED:
0|whaticke | 🟢🟢🟢 SOCKET.IO MIDDLEWARE EXECUTED!
0|whaticke | [22:32:02.431] INFO: === MIDDLEWARE EXECUTED ===
0|whaticke | [22:32:02.431] INFO: Socket ID:
0|whaticke | [22:32:02.431] INFO: Handshake query:
0|whaticke | [22:32:02.431] INFO: Token param:
0|whaticke | [22:32:02.432] ERROR: Middleware authentication FAILED:
0|whaticke | 🟢🟢🟢 SOCKET.IO MIDDLEWARE EXECUTED!
0|whaticke | [22:32:03.370] INFO: === MIDDLEWARE EXECUTED ===
0|whaticke | [22:32:03.370] INFO: Socket ID:
0|whaticke | [22:32:03.371] INFO: Handshake query:
0|whaticke | [22:32:03.371] INFO: Token param:
0|whaticke | [22:32:03.371] ERROR: Middleware authentication FAILED:
0|whaticke | 🟢🟢🟢 SOCKET.IO MIDDLEWARE EXECUTED!
0|whaticke | [22:32:03.663] INFO: === MIDDLEWARE EXECUTED ===
0|whaticke | [22:32:03.663] INFO: Socket ID:
0|whaticke | [22:32:03.664] INFO: Handshake query:
0|whaticke | [22:32:03.664] INFO: Token param:
0|whaticke | [22:32:03.664] ERROR: Middleware authentication FAILED:
0|whaticke | 🟢🟢🟢 SOCKET.IO MIDDLEWARE EXECUTED!
0|whaticke | [22:32:05.362] INFO: === MIDDLEWARE EXECUTED ===
0|whaticke | [22:32:05.362] INFO: Socket ID:
0|whaticke | [22:32:05.363] INFO: Handshake query:
0|whaticke | [22:32:05.363] INFO: Token param:
0|whaticke | [22:32:05.363] ERROR: Middleware authentication FAILED:
0|whaticke | 🟢🟢🟢 SOCKET.IO MIDDLEWARE EXECUTED!
0|whaticke | [22:32:45.306] INFO: === MIDDLEWARE EXECUTED ===
0|whaticke | [22:32:45.306] INFO: Socket ID:
0|whaticke | [22:32:45.306] INFO: Handshake query:
0|whaticke | [22:32:45.306] INFO: Token param:
0|whaticke | [22:32:45.307] ERROR: Middleware authentication FAILED:
0|whaticke | 🟢🟢🟢 SOCKET.IO MIDDLEWARE EXECUTED!
0|whaticke | [22:32:48.329] INFO: === MIDDLEWARE EXECUTED ===
0|whaticke | [22:32:48.329] INFO: Socket ID:
0|whaticke | [22:32:48.329] INFO: Handshake query:
0|whaticke | [22:32:48.329] INFO: Token param:
0|whaticke | [22:32:48.330] ERROR: Middleware authentication FAILED:
0|whaticke | 🟢🟢🟢 SOCKET.IO MIDDLEWARE EXECUTED!
0|whaticke | [22:32:49.296] INFO: === MIDDLEWARE EXECUTED ===
0|whaticke | [22:32:49.297] INFO: Socket ID:
0|whaticke | [22:32:49.297] INFO: Handshake query:
0|whaticke | [22:32:49.297] INFO: Token param:
0|whaticke | [22:32:49.297] ERROR: Middleware authentication FAILED:
0|whaticke | 🟢🟢🟢 SOCKET.IO MIDDLEWARE EXECUTED!
0|whaticke | [22:32:49.299] INFO: === MIDDLEWARE EXECUTED ===
0|whaticke | [22:32:49.299] INFO: Socket ID:
0|whaticke | [22:32:49.299] INFO: Handshake query:
0|whaticke | [22:32:49.299] INFO: Token param:
0|whaticke | [22:32:49.300] ERROR: Middleware authentication FAILED:
0|whaticke | 🟢🟢🟢 SOCKET.IO MIDDLEWARE EXECUTED!
0|whaticke | [22:32:50.308] INFO: === MIDDLEWARE EXECUTED ===
0|whaticke | [22:32:50.308] INFO: Socket ID:
0|whaticke | [22:32:50.308] INFO: Handshake query:
0|whaticke | [22:32:50.308] INFO: Token param:
0|whaticke | [22:32:50.309] ERROR: Middleware authentication FAILED:
0|whaticke | 🟢🟢🟢 SOCKET.IO MIDDLEWARE EXECUTED!
0|whaticke | [22:32:51.294] INFO: === MIDDLEWARE EXECUTED ===
0|whaticke | [22:32:51.294] INFO: Socket ID:
0|whaticke | [22:32:51.294] INFO: Handshake query:
0|whaticke | [22:32:51.294] INFO: Token param:
0|whaticke | [22:32:51.295] ERROR: Middleware authentication FAILED:
0|whaticke | 🟢🟢🟢 SOCKET.IO MIDDLEWARE EXECUTED!
0|whaticke | [22:33:31.305] INFO: === MIDDLEWARE EXECUTED ===
0|whaticke | [22:33:31.305] INFO: Socket ID:
0|whaticke | [22:33:31.306] INFO: Handshake query:
0|whaticke | [22:33:31.306] INFO: Token param:
0|whaticke | [22:33:31.306] ERROR: Middleware authentication FAILED:
0|whaticke | 🟢🟢🟢 SOCKET.IO MIDDLEWARE EXECUTED!
0|whaticke | [22:33:35.334] INFO: === MIDDLEWARE EXECUTED ===
0|whaticke | [22:33:35.334] INFO: Socket ID:
0|whaticke | [22:33:35.334] INFO: Handshake query:
0|whaticke | [22:33:35.334] INFO: Token param:
0|whaticke | [22:33:35.334] ERROR: Middleware authentication FAILED:
0|whaticke | 🟢🟢🟢 SOCKET.IO MIDDLEWARE EXECUTED!
0|whaticke | [22:33:35.335] INFO: === MIDDLEWARE EXECUTED ===
0|whaticke | [22:33:35.335] INFO: Socket ID:
0|whaticke | [22:33:35.335] INFO: Handshake query:
0|whaticke | [22:33:35.335] INFO: Token param:
0|whaticke | [22:33:35.336] ERROR: Middleware authentication FAILED:
0|whaticke | 🟢🟢🟢 SOCKET.IO MIDDLEWARE EXECUTED!
0|whaticke | [22:33:36.299] INFO: === MIDDLEWARE EXECUTED ===
0|whaticke | [22:33:36.299] INFO: Socket ID:
0|whaticke | [22:33:36.299] INFO: Handshake query:
0|whaticke | [22:33:36.299] INFO: Token param:
0|whaticke | [22:33:36.299] ERROR: Middleware authentication FAILED:
0|whaticke | 🟢🟢🟢 SOCKET.IO MIDDLEWARE EXECUTED!
0|whaticke | [22:33:36.302] INFO: === MIDDLEWARE EXECUTED ===
0|whaticke | [22:33:36.302] INFO: Socket ID:
0|whaticke | [22:33:36.302] INFO: Handshake query:
0|whaticke | [22:33:36.302] INFO: Token param:
0|whaticke | [22:33:36.302] ERROR: Middleware authentication FAILED:
0|whaticke | 🟢🟢🟢 SOCKET.IO MIDDLEWARE EXECUTED!
0|whaticke | [22:33:38.388] INFO: === MIDDLEWARE EXECUTED ===
0|whaticke | [22:33:38.388] INFO: Socket ID:
0|whaticke | [22:33:38.388] INFO: Handshake query:
0|whaticke | [22:33:38.388] INFO: Token param:
0|whaticke | [22:33:38.389] ERROR: Middleware authentication FAILED:
0|whaticke | 🟢🟢🟢 SOCKET.IO MIDDLEWARE EXECUTED!
0|whaticke | [22:34:17.325] INFO: === MIDDLEWARE EXECUTED ===
0|whaticke | [22:34:17.325] INFO: Socket ID:
0|whaticke | [22:34:17.325] INFO: Handshake query:
0|whaticke | [22:34:17.325] INFO: Token param:
0|whaticke | [22:34:17.325] ERROR: Middleware authentication FAILED:
0|whaticke | 🟢🟢🟢 SOCKET.IO MIDDLEWARE EXECUTED!
0|whaticke | [22:34:22.295] INFO: === MIDDLEWARE EXECUTED ===
0|whaticke | [22:34:22.295] INFO: Socket ID:
0|whaticke | [22:34:22.295] INFO: Handshake query:
0|whaticke | [22:34:22.295] INFO: Token param:
0|whaticke | [22:34:22.295] ERROR: Middleware authentication FAILED:
0|whaticke | 🟢🟢🟢 SOCKET.IO MIDDLEWARE EXECUTED!
0|whaticke | [22:34:22.296] INFO: === MIDDLEWARE EXECUTED ===
0|whaticke | [22:34:22.296] INFO: Socket ID:
0|whaticke | [22:34:22.296] INFO: Handshake query:
0|whaticke | [22:34:22.296] INFO: Token param:
0|whaticke | [22:34:22.297] ERROR: Middleware authentication FAILED:
0|whaticke | 🟢🟢🟢 SOCKET.IO MIDDLEWARE EXECUTED!
0|whaticke | [22:34:23.340] INFO: === MIDDLEWARE EXECUTED ===
0|whaticke | [22:34:23.340] INFO: Socket ID:
0|whaticke | [22:34:23.340] INFO: Handshake query:
0|whaticke | [22:34:23.340] INFO: Token param:
0|whaticke | [22:34:23.341] ERROR: Middleware authentication FAILED:
0|whaticke | 🟢🟢🟢 SOCKET.IO MIDDLEWARE EXECUTED!
0|whaticke | [22:34:23.342] INFO: === MIDDLEWARE EXECUTED ===
0|whaticke | [22:34:23.342] INFO: Socket ID:
0|whaticke | [22:34:23.342] INFO: Handshake query:
0|whaticke | [22:34:23.342] INFO: Token param:
0|whaticke | [22:34:23.342] ERROR: Middleware authentication FAILED:
0|whaticke | 🟢🟢🟢 SOCKET.IO MIDDLEWARE EXECUTED!
0|whaticke | [22:34:25.302] INFO: === MIDDLEWARE EXECUTED ===
0|whaticke | [22:34:25.302] INFO: Socket ID:
0|whaticke | [22:34:25.302] INFO: Handshake query:
0|whaticke | [22:34:25.302] INFO: Token param:
0|whaticke | [22:34:25.303] ERROR: Middleware authentication FAILED:
0|whaticke | 🟢🟢🟢 SOCKET.IO MIDDLEWARE EXECUTED!
0|whaticke | [22:35:04.365] INFO: === MIDDLEWARE EXECUTED ===
0|whaticke | [22:35:04.366] INFO: Socket ID:
0|whaticke | [22:35:04.366] INFO: Handshake query:
0|whaticke | [22:35:04.366] INFO: Token param:
0|whaticke | [22:35:04.366] ERROR: Middleware authentication FAILED:
0|whaticke | 🟢🟢🟢 SOCKET.IO MIDDLEWARE EXECUTED!
0|whaticke | [22:35:08.306] INFO: === MIDDLEWARE EXECUTED ===
0|whaticke | [22:35:08.306] INFO: Socket ID:
0|whaticke | [22:35:08.306] INFO: Handshake query:
0|whaticke | [22:35:08.306] INFO: Token param:
0|whaticke | [22:35:08.306] ERROR: Middleware authentication FAILED:
0|whaticke | 🟢🟢🟢 SOCKET.IO MIDDLEWARE EXECUTED!
0|whaticke | [22:35:08.308] INFO: === MIDDLEWARE EXECUTED ===
0|whaticke | [22:35:08.308] INFO: Socket ID:
0|whaticke | [22:35:08.308] INFO: Handshake query:
0|whaticke | [22:35:08.308] INFO: Token param:
0|whaticke | [22:35:08.308] ERROR: Middleware authentication FAILED:
0|whaticke | 🟢🟢🟢 SOCKET.IO MIDDLEWARE EXECUTED!
0|whaticke | [22:35:09.297] INFO: === MIDDLEWARE EXECUTED ===
0|whaticke | [22:35:09.297] INFO: Socket ID:
0|whaticke | [22:35:09.297] INFO: Handshake query:
0|whaticke | [22:35:09.298] INFO: Token param:
0|whaticke | [22:35:09.298] ERROR: Middleware authentication FAILED:
0|whaticke | 🟢🟢🟢 SOCKET.IO MIDDLEWARE EXECUTED!
0|whaticke | [22:35:10.377] INFO: === MIDDLEWARE EXECUTED ===
0|whaticke | [22:35:10.377] INFO: Socket ID:
0|whaticke | [22:35:10.377] INFO: Handshake query:
0|whaticke | [22:35:10.377] INFO: Token param:
0|whaticke | [22:35:10.378] ERROR: Middleware authentication FAILED:
0|whaticke | 🟢🟢🟢 SOCKET.IO MIDDLEWARE EXECUTED!
0|whaticke | [22:35:12.281] INFO: === MIDDLEWARE EXECUTED ===
0|whaticke | [22:35:12.281] INFO: Socket ID:
0|whaticke | [22:35:12.281] INFO: Handshake query:
0|whaticke | [22:35:12.282] INFO: Token param:
0|whaticke | [22:35:12.282] ERROR: Middleware authentication FAILED:
0|whaticke | 🟢🟢🟢 SOCKET.IO MIDDLEWARE EXECUTED!
0|whaticke | [22:35:51.561] INFO: === MIDDLEWARE EXECUTED ===
0|whaticke | [22:35:51.561] INFO: Socket ID:
0|whaticke | [22:35:51.561] INFO: Handshake query:
0|whaticke | [22:35:51.561] INFO: Token param:
0|whaticke | [22:35:51.562] ERROR: Middleware authentication FAILED:
0|whaticke | 🟢🟢🟢 SOCKET.IO MIDDLEWARE EXECUTED!
0|whaticke | [22:35:55.311] INFO: === MIDDLEWARE EXECUTED ===
0|whaticke | [22:35:55.311] INFO: Socket ID:
0|whaticke | [22:35:55.311] INFO: Handshake query:
0|whaticke | [22:35:55.311] INFO: Token param:
0|whaticke | [22:35:55.312] ERROR: Middleware authentication FAILED:
0|whaticke | 🟢🟢🟢 SOCKET.IO MIDDLEWARE EXECUTED!
0|whaticke | [22:35:55.313] INFO: === MIDDLEWARE EXECUTED ===
0|whaticke | [22:35:55.314] INFO: Socket ID:
0|whaticke | [22:35:55.314] INFO: Handshake query:
0|whaticke | [22:35:55.314] INFO: Token param:
0|whaticke | [22:35:55.314] ERROR: Middleware authentication FAILED:
0|whaticke | 🟢🟢🟢 SOCKET.IO MIDDLEWARE EXECUTED!
0|whaticke | [22:35:56.356] INFO: === MIDDLEWARE EXECUTED ===
0|whaticke | [22:35:56.357] INFO: Socket ID:
0|whaticke | [22:35:56.357] INFO: Handshake query:
0|whaticke | [22:35:56.357] INFO: Token param:
0|whaticke | [22:35:56.357] ERROR: Middleware authentication FAILED:
0|whaticke | 🟢🟢🟢 SOCKET.IO MIDDLEWARE EXECUTED!
0|whaticke | [22:35:57.308] INFO: === MIDDLEWARE EXECUTED ===
0|whaticke | [22:35:57.308] INFO: Socket ID:
0|whaticke | [22:35:57.308] INFO: Handshake query:
0|whaticke | [22:35:57.308] INFO: Token param:
0|whaticke | [22:35:57.308] ERROR: Middleware authentication FAILED:
0|whaticke | 🟢🟢🟢 SOCKET.IO MIDDLEWARE EXECUTED!
0|whaticke | [22:35:59.312] INFO: === MIDDLEWARE EXECUTED ===
0|whaticke | [22:35:59.312] INFO: Socket ID:
0|whaticke | [22:35:59.312] INFO: Handshake query:
0|whaticke | [22:35:59.312] INFO: Token param:
0|whaticke | [22:35:59.313] ERROR: Middleware authentication FAILED:
0|whaticke | 🟢🟢🟢 SOCKET.IO MIDDLEWARE EXECUTED!
0|whaticke | [22:36:38.307] INFO: === MIDDLEWARE EXECUTED ===
0|whaticke | [22:36:38.307] INFO: Socket ID:
0|whaticke | [22:36:38.307] INFO: Handshake query:
0|whaticke | [22:36:38.307] INFO: Token param:
0|whaticke | [22:36:38.308] ERROR: Middleware authentication FAILED:
0|whaticke | 🟢🟢🟢 SOCKET.IO MIDDLEWARE EXECUTED!
0|whaticke | [22:36:42.398] INFO: === MIDDLEWARE EXECUTED ===
0|whaticke | [22:36:42.398] INFO: Socket ID:
0|whaticke | [22:36:42.398] INFO: Handshake query:
0|whaticke | [22:36:42.398] INFO: Token param:
0|whaticke | [22:36:42.398] ERROR: Middleware authentication FAILED:
0|whaticke | 🟢🟢🟢 SOCKET.IO MIDDLEWARE EXECUTED!
0|whaticke | [22:36:42.400] INFO: === MIDDLEWARE EXECUTED ===
0|whaticke | [22:36:42.401] INFO: Socket ID:
0|whaticke | [22:36:42.401] INFO: Handshake query:
0|whaticke | [22:36:42.401] INFO: Token param:
0|whaticke | [22:36:42.401] ERROR: Middleware authentication FAILED:
0|whaticke | 🟢🟢🟢 SOCKET.IO MIDDLEWARE EXECUTED!
0|whaticke | [22:36:43.479] INFO: === MIDDLEWARE EXECUTED ===
0|whaticke | [22:36:43.479] INFO: Socket ID:
0|whaticke | [22:36:43.480] INFO: Handshake query:
0|whaticke | [22:36:43.480] INFO: Token param:
0|whaticke | [22:36:43.480] ERROR: Middleware authentication FAILED:
0|whaticke | 🟢🟢🟢 SOCKET.IO MIDDLEWARE EXECUTED!
0|whaticke | [22:36:44.554] INFO: === MIDDLEWARE EXECUTED ===
0|whaticke | [22:36:44.554] INFO: Socket ID:
0|whaticke | [22:36:44.555] INFO: Handshake query:
0|whaticke | [22:36:44.555] INFO: Token param:
0|whaticke | [22:36:44.555] ERROR: Middleware authentication FAILED:
0|whaticke | 🟢🟢🟢 SOCKET.IO MIDDLEWARE EXECUTED!
0|whaticke | [22:36:46.296] INFO: === MIDDLEWARE EXECUTED ===
0|whaticke | [22:36:46.296] INFO: Socket ID:
0|whaticke | [22:36:46.296] INFO: Handshake query:
0|whaticke | [22:36:46.296] INFO: Token param:
0|whaticke | [22:36:46.297] ERROR: Middleware authentication FAILED:
0|whaticke | 🟢🟢🟢 SOCKET.IO MIDDLEWARE EXECUTED!
0|whaticke | [22:37:25.372] INFO: === MIDDLEWARE EXECUTED ===
0|whaticke | [22:37:25.372] INFO: Socket ID:
0|whaticke | [22:37:25.372] INFO: Handshake query:
0|whaticke | [22:37:25.372] INFO: Token param:
0|whaticke | [22:37:25.373] ERROR: Middleware authentication FAILED:
0|whaticke | 🟢🟢🟢 SOCKET.IO MIDDLEWARE EXECUTED!
0|whaticke | [22:37:29.361] INFO: === MIDDLEWARE EXECUTED ===
0|whaticke | [22:37:29.361] INFO: Socket ID:
0|whaticke | [22:37:29.361] INFO: Handshake query:
0|whaticke | [22:37:29.361] INFO: Token param:
0|whaticke | [22:37:29.361] ERROR: Middleware authentication FAILED:
0|whaticke | 🟢🟢🟢 SOCKET.IO MIDDLEWARE EXECUTED!
0|whaticke | [22:37:29.363] INFO: === MIDDLEWARE EXECUTED ===
0|whaticke | [22:37:29.363] INFO: Socket ID:
0|whaticke | [22:37:29.363] INFO: Handshake query:
0|whaticke | [22:37:29.363] INFO: Token param:
0|whaticke | [22:37:29.363] ERROR: Middleware authentication FAILED:
0|whaticke | 🟢🟢🟢 SOCKET.IO MIDDLEWARE EXECUTED!
0|whaticke | [22:37:30.296] INFO: === MIDDLEWARE EXECUTED ===
0|whaticke | [22:37:30.296] INFO: Socket ID:
0|whaticke | [22:37:30.296] INFO: Handshake query:
0|whaticke | [22:37:30.296] INFO: Token param:
0|whaticke | [22:37:30.297] ERROR: Middleware authentication FAILED:
0|whaticke | 🟢🟢🟢 SOCKET.IO MIDDLEWARE EXECUTED!
0|whaticke | [22:37:31.660] INFO: === MIDDLEWARE EXECUTED ===
0|whaticke | [22:37:31.660] INFO: Socket ID:
0|whaticke | [22:37:31.661] INFO: Handshake query:
0|whaticke | [22:37:31.661] INFO: Token param:
0|whaticke | [22:37:31.661] ERROR: Middleware authentication FAILED:
0|whaticke | 🟢🟢🟢 SOCKET.IO MIDDLEWARE EXECUTED!
0|whaticke | [22:37:33.686] INFO: === MIDDLEWARE EXECUTED ===
0|whaticke | [22:37:33.686] INFO: Socket ID:
0|whaticke | [22:37:33.686] INFO: Handshake query:
0|whaticke | [22:37:33.686] INFO: Token param:
0|whaticke | [22:37:33.686] ERROR: Middleware authentication FAILED:
0|whaticke | 🟢🟢🟢 SOCKET.IO MIDDLEWARE EXECUTED!
0|whaticke | [22:38:12.399] INFO: === MIDDLEWARE EXECUTED ===
0|whaticke | [22:38:12.399] INFO: Socket ID:
0|whaticke | [22:38:12.399] INFO: Handshake query:
0|whaticke | [22:38:12.399] INFO: Token param:
0|whaticke | [22:38:12.400] ERROR: Middleware authentication FAILED:
0|whaticke | 🟢🟢🟢 SOCKET.IO MIDDLEWARE EXECUTED!
0|whaticke | [22:38:15.363] INFO: === MIDDLEWARE EXECUTED ===
0|whaticke | [22:38:15.363] INFO: Socket ID:
0|whaticke | [22:38:15.363] INFO: Handshake query:
0|whaticke | [22:38:15.363] INFO: Token param:
0|whaticke | [22:38:15.364] ERROR: Middleware authentication FAILED:
0|whaticke | 🟢🟢🟢 SOCKET.IO MIDDLEWARE EXECUTED!
0|whaticke | [22:38:15.365] INFO: === MIDDLEWARE EXECUTED ===
0|whaticke | [22:38:15.365] INFO: Socket ID:
0|whaticke | [22:38:15.365] INFO: Handshake query:
0|whaticke | [22:38:15.365] INFO: Token param:
0|whaticke | [22:38:15.365] ERROR: Middleware authentication FAILED:
0|whaticke | 🟢🟢🟢 SOCKET.IO MIDDLEWARE EXECUTED!
0|whaticke | [22:38:17.304] INFO: === MIDDLEWARE EXECUTED ===
0|whaticke | [22:38:17.304] INFO: Socket ID:
0|whaticke | [22:38:17.304] INFO: Handshake query:
0|whaticke | [22:38:17.304] INFO: Token param:
0|whaticke | [22:38:17.304] ERROR: Middleware authentication FAILED:
0|whaticke | 🟢🟢🟢 SOCKET.IO MIDDLEWARE EXECUTED!
0|whaticke | [22:38:18.312] INFO: === MIDDLEWARE EXECUTED ===
0|whaticke | [22:38:18.312] INFO: Socket ID:
0|whaticke | [22:38:18.312] INFO: Handshake query:
0|whaticke | [22:38:18.312] INFO: Token param:
0|whaticke | [22:38:18.313] ERROR: Middleware authentication FAILED:
0|whaticke | 🟢🟢🟢 SOCKET.IO MIDDLEWARE EXECUTED!
0|whaticke | [22:38:20.316] INFO: === MIDDLEWARE EXECUTED ===
0|whaticke | [22:38:20.316] INFO: Socket ID:
0|whaticke | [22:38:20.316] INFO: Handshake query:
0|whaticke | [22:38:20.316] INFO: Token param:
0|whaticke | [22:38:20.316] ERROR: Middleware authentication FAILED:
0|whaticke | 🟢🟢🟢 SOCKET.IO MIDDLEWARE EXECUTED!
0|whaticke | [22:38:59.326] INFO: === MIDDLEWARE EXECUTED ===
0|whaticke | [22:38:59.326] INFO: Socket ID:
0|whaticke | [22:38:59.326] INFO: Handshake query:
0|whaticke | [22:38:59.326] INFO: Token param:
0|whaticke | [22:38:59.326] ERROR: Middleware authentication FAILED:
0|whaticke | 🟢🟢🟢 SOCKET.IO MIDDLEWARE EXECUTED!
0|whaticke | [22:39:01.331] INFO: === MIDDLEWARE EXECUTED ===
0|whaticke | [22:39:01.332] INFO: Socket ID:
0|whaticke | [22:39:01.332] INFO: Handshake query:
0|whaticke | [22:39:01.332] INFO: Token param:
0|whaticke | [22:39:01.332] ERROR: Middleware authentication FAILED:
0|whaticke | 🟢🟢🟢 SOCKET.IO MIDDLEWARE EXECUTED!
0|whaticke | [22:39:02.313] INFO: === MIDDLEWARE EXECUTED ===
0|whaticke | [22:39:02.313] INFO: Socket ID:
0|whaticke | [22:39:02.313] INFO: Handshake query:
0|whaticke | [22:39:02.313] INFO: Token param:
0|whaticke | [22:39:02.314] ERROR: Middleware authentication FAILED:
0|whaticke | 🟢🟢🟢 SOCKET.IO MIDDLEWARE EXECUTED!
0|whaticke | [22:39:04.302] INFO: === MIDDLEWARE EXECUTED ===
0|whaticke | [22:39:04.302] INFO: Socket ID:
0|whaticke | [22:39:04.302] INFO: Handshake query:
0|whaticke | [22:39:04.302] INFO: Token param:
0|whaticke | [22:39:04.303] ERROR: Middleware authentication FAILED:
0|whaticke | 🟢🟢🟢 SOCKET.IO MIDDLEWARE EXECUTED!
0|whaticke | [22:39:05.297] INFO: === MIDDLEWARE EXECUTED ===
0|whaticke | [22:39:05.297] INFO: Socket ID:
0|whaticke | [22:39:05.297] INFO: Handshake query:
0|whaticke | [22:39:05.297] INFO: Token param:
0|whaticke | [22:39:05.297] ERROR: Middleware authentication FAILED:
0|whaticke | 🟢🟢🟢 SOCKET.IO MIDDLEWARE EXECUTED!
0|whaticke | [22:39:07.288] INFO: === MIDDLEWARE EXECUTED ===
0|whaticke | [22:39:07.288] INFO: Socket ID:
0|whaticke | [22:39:07.288] INFO: Handshake query:
0|whaticke | [22:39:07.288] INFO: Token param:
0|whaticke | [22:39:07.288] ERROR: Middleware authentication FAILED:
0|whaticke | 🟢🟢🟢 SOCKET.IO MIDDLEWARE EXECUTED!
0|whaticke | [22:39:46.334] INFO: === MIDDLEWARE EXECUTED ===
0|whaticke | [22:39:46.334] INFO: Socket ID:
0|whaticke | [22:39:46.334] INFO: Handshake query:
0|whaticke | [22:39:46.334] INFO: Token param:
0|whaticke | [22:39:46.334] ERROR: Middleware authentication FAILED:
0|whaticke | 🟢🟢🟢 SOCKET.IO MIDDLEWARE EXECUTED!
0|whaticke | [22:39:47.301] INFO: === MIDDLEWARE EXECUTED ===
0|whaticke | [22:39:47.301] INFO: Socket ID:
0|whaticke | [22:39:47.301] INFO: Handshake query:
0|whaticke | [22:39:47.301] INFO: Token param:
0|whaticke | [22:39:47.301] ERROR: Middleware authentication FAILED:
0|whaticke | 🟢🟢🟢 SOCKET.IO MIDDLEWARE EXECUTED!
0|whaticke | [22:39:49.299] INFO: === MIDDLEWARE EXECUTED ===
0|whaticke | [22:39:49.299] INFO: Socket ID:
0|whaticke | [22:39:49.299] INFO: Handshake query:
0|whaticke | [22:39:49.300] INFO: Token param:
0|whaticke | [22:39:49.300] ERROR: Middleware authentication FAILED:
0|whaticke | 🟢🟢🟢 SOCKET.IO MIDDLEWARE EXECUTED!
0|whaticke | [22:39:51.313] INFO: === MIDDLEWARE EXECUTED ===
0|whaticke | [22:39:51.313] INFO: Socket ID:
0|whaticke | [22:39:51.313] INFO: Handshake query:
0|whaticke | [22:39:51.313] INFO: Token param:
0|whaticke | [22:39:51.314] ERROR: Middleware authentication FAILED:
0|whaticke | 🟢🟢🟢 SOCKET.IO MIDDLEWARE EXECUTED!
0|whaticke | [22:39:52.496] INFO: === MIDDLEWARE EXECUTED ===
0|whaticke | [22:39:52.496] INFO: Socket ID:
0|whaticke | [22:39:52.496] INFO: Handshake query:
0|whaticke | [22:39:52.496] INFO: Token param:
0|whaticke | [22:39:52.496] ERROR: Middleware authentication FAILED:
0|whaticke | 🟢🟢🟢 SOCKET.IO MIDDLEWARE EXECUTED!
0|whaticke | [22:39:53.312] INFO: === MIDDLEWARE EXECUTED ===
0|whaticke | [22:39:53.312] INFO: Socket ID:
0|whaticke | [22:39:53.312] INFO: Handshake query:
0|whaticke | [22:39:53.312] INFO: Token param:
0|whaticke | [22:39:53.313] ERROR: Middleware authentication FAILED:
0|whaticke | 🟢🟢🟢 SOCKET.IO MIDDLEWARE EXECUTED!
0|whaticke | [22:40:32.319] INFO: === MIDDLEWARE EXECUTED ===
0|whaticke | [22:40:32.319] INFO: Socket ID:
0|whaticke | [22:40:32.319] INFO: Handshake query:
0|whaticke | [22:40:32.319] INFO: Token param:
0|whaticke | [22:40:32.320] ERROR: Middleware authentication FAILED:
0|whaticke | 🟢🟢🟢 SOCKET.IO MIDDLEWARE EXECUTED!
0|whaticke | [22:40:34.315] INFO: === MIDDLEWARE EXECUTED ===
0|whaticke | [22:40:34.315] INFO: Socket ID:
0|whaticke | [22:40:34.315] INFO: Handshake query:
0|whaticke | [22:40:34.315] INFO: Token param:
0|whaticke | [22:40:34.316] ERROR: Middleware authentication FAILED:
0|whaticke | 🟢🟢🟢 SOCKET.IO MIDDLEWARE EXECUTED!
0|whaticke | [22:40:35.322] INFO: === MIDDLEWARE EXECUTED ===
0|whaticke | [22:40:35.322] INFO: Socket ID:
0|whaticke | [22:40:35.322] INFO: Handshake query:
0|whaticke | [22:40:35.323] INFO: Token param:
0|whaticke | [22:40:35.323] ERROR: Middleware authentication FAILED:
0|whaticke | 🟢🟢🟢 SOCKET.IO MIDDLEWARE EXECUTED!
0|whaticke | [22:40:38.376] INFO: === MIDDLEWARE EXECUTED ===
0|whaticke | [22:40:38.376] INFO: Socket ID:
0|whaticke | [22:40:38.376] INFO: Handshake query:
0|whaticke | [22:40:38.377] INFO: Token param:
0|whaticke | [22:40:38.377] ERROR: Middleware authentication FAILED:
0|whaticke | 🟢🟢🟢 SOCKET.IO MIDDLEWARE EXECUTED!
0|whaticke | [22:40:38.422] INFO: === MIDDLEWARE EXECUTED ===
0|whaticke | [22:40:38.423] INFO: Socket ID:
0|whaticke | [22:40:38.423] INFO: Handshake query:
0|whaticke | [22:40:38.423] INFO: Token param:
0|whaticke | [22:40:38.423] ERROR: Middleware authentication FAILED:
0|whaticke | 🟢🟢🟢 SOCKET.IO MIDDLEWARE EXECUTED!
0|whaticke | [22:40:40.311] INFO: === MIDDLEWARE EXECUTED ===
0|whaticke | [22:40:40.311] INFO: Socket ID:
0|whaticke | [22:40:40.311] INFO: Handshake query:
0|whaticke | [22:40:40.311] INFO: Token param:
0|whaticke | [22:40:40.311] ERROR: Middleware authentication FAILED:
0|whaticke | [22:40:48.162] INFO: Client disconnected:

0|whaticket-backend  | [22:40:54.670] INFO: === INITIO CALLED - WITH MIDDLEWARE ===
0|whaticket-backend  | [22:40:54.960] INFO: Server started on port: 8080
0|whaticket-backend  | 🟢🟢🟢 SOCKET.IO MIDDLEWARE EXECUTED!
0|whaticket-backend  | [22:40:55.430] INFO: === MIDDLEWARE EXECUTED ===
0|whaticket-backend  | [22:40:55.431] INFO: Socket ID:
0|whaticket-backend  | [22:40:55.431] INFO: Handshake query:
0|whaticket-backend  | [22:40:55.431] INFO: Token param:
0|whaticket-backend  | [22:40:55.433] ERROR: Middleware authentication FAILED:
0|whaticket-backend  | [22:40:55.743] INFO: using WA v2.3000.1032141294, isLatest: true
0|whaticket-backend  | [22:40:55.744] INFO: isMultidevice: true
0|whaticket-backend  | [22:40:55.745] INFO: Starting session Ecommerce
0|whaticket-backend  | 🔧 makeInMemoryStore() llamado
0|whaticket-backend  | 🔧 store.bind() llamado, eventos disponibles: [
0|whaticket-backend  |   'process',
0|whaticket-backend  |   'emit',
0|whaticket-backend  |   'isBuffering',
0|whaticket-backend  |   'buffer',
0|whaticket-backend  |   'flush',
0|whaticket-backend  |   'createBufferedFunction',
0|whaticket-backend  |   'on',
0|whaticket-backend  |   'off',
0|whaticket-backend  |   'removeAllListeners'
0|whaticket-backend  | ]
0|whaticket-backend  | 🔧 store.bind() llamado
0|whaticket-backend  | [22:40:55.774] INFO: Socket Ecommerce Connection Update connecting 
0|whaticket-backend  | 🟢🟢🟢 SOCKET.IO MIDDLEWARE EXECUTED!
0|whaticket-backend  | [22:40:56.307] INFO: === MIDDLEWARE EXECUTED ===
0|whaticket-backend  | [22:40:56.307] INFO: Socket ID:
0|whaticket-backend  | [22:40:56.307] INFO: Handshake query:
0|whaticket-backend  | [22:40:56.308] INFO: Token param:
0|whaticket-backend  | [22:40:56.308] ERROR: Middleware authentication FAILED:
0|whaticket-backend  | [22:40:56.596] INFO: Socket Ecommerce Connection Update  
0|whaticket-backend  | [22:40:56.762] INFO: Socket Ecommerce Connection Update  
0|whaticket-backend  | [22:40:56.763] INFO: Socket Ecommerce Connection Update open 
0|whaticket-backend  | 🟢🟢🟢 SOCKET.IO MIDDLEWARE EXECUTED!
0|whaticket-backend  | [22:40:57.439] INFO: === MIDDLEWARE EXECUTED ===
0|whaticket-backend  | [22:40:57.439] INFO: Socket ID:
0|whaticket-backend  | [22:40:57.439] INFO: Handshake query:
0|whaticket-backend  | [22:40:57.440] INFO: Token param:
0|whaticket-backend  | [22:40:57.440] ERROR: Middleware authentication FAILED:
0|whaticket-backend  | 🟢🟢🟢 SOCKET.IO MIDDLEWARE EXECUTED!
0|whaticket-backend  | [22:40:57.443] INFO: === MIDDLEWARE EXECUTED ===
0|whaticket-backend  | [22:40:57.443] INFO: Socket ID:
0|whaticket-backend  | [22:40:57.443] INFO: Handshake query:
0|whaticket-backend  | [22:40:57.444] INFO: Token param:
0|whaticket-backend  | [22:40:57.444] ERROR: Middleware authentication FAILED:
0|whaticket-backend  | 🟢🟢🟢 SOCKET.IO MIDDLEWARE EXECUTED!
0|whaticket-backend  | [22:40:57.448] INFO: === MIDDLEWARE EXECUTED ===
0|whaticket-backend  | [22:40:57.448] INFO: Socket ID:
0|whaticket-backend  | [22:40:57.448] INFO: Handshake query:
0|whaticket-backend  | [22:40:57.449] INFO: Token param:
0|whaticket-backend  | [22:40:57.449] ERROR: Middleware authentication FAILED:
0|whaticket-backend  | 🟢🟢🟢 SOCKET.IO MIDDLEWARE EXECUTED!
0|whaticket-backend  | [22:40:57.625] INFO: === MIDDLEWARE EXECUTED ===
0|whaticket-backend  | [22:40:57.625] INFO: Socket ID:
0|whaticket-backend  | [22:40:57.625] INFO: Handshake query:
0|whaticket-backend  | [22:40:57.626] INFO: Token param:
0|whaticket-backend  | [22:40:57.626] ERROR: Middleware authentication FAILED:
0|whaticket-backend  | 🟢🟢🟢 SOCKET.IO MIDDLEWARE EXECUTED!
0|whaticket-backend  | [22:40:57.628] INFO: === MIDDLEWARE EXECUTED ===
0|whaticket-backend  | [22:40:57.628] INFO: Socket ID:
0|whaticket-backend  | [22:40:57.628] INFO: Handshake query:
0|whaticket-backend  | [22:40:57.628] INFO: Token param:
0|whaticket-backend  | [22:40:57.628] ERROR: Middleware authentication FAILED:
0|whaticket-backend  | 🟢🟢🟢 SOCKET.IO MIDDLEWARE EXECUTED!
0|whaticket-backend  | [22:40:58.297] INFO: === MIDDLEWARE EXECUTED ===
0|whaticket-backend  | [22:40:58.298] INFO: Socket ID:
0|whaticket-backend  | [22:40:58.298] INFO: Handshake query:
0|whaticket-backend  | [22:40:58.298] INFO: Token param:
0|whaticket-backend  | [22:40:58.298] ERROR: Middleware authentication FAILED:
0|whaticket-backend  | 🟢🟢🟢 SOCKET.IO MIDDLEWARE EXECUTED!
0|whaticket-backend  | [22:40:58.301] INFO: === MIDDLEWARE EXECUTED ===
0|whaticket-backend  | [22:40:58.301] INFO: Socket ID:
0|whaticket-backend  | [22:40:58.301] INFO: Handshake query:
0|whaticket-backend  | [22:40:58.301] INFO: Token param:
0|whaticket-backend  | [22:40:58.301] ERROR: Middleware authentication FAILED:
0|whaticket-backend  | [22:41:00.179] INFO: Iniciando processamento de filas
0|whaticket-backend  | [22:41:25.186] INFO: Total de conexao Prontas para envio!: 1
0|whaticket-backend  | [22:41:25.189] INFO: Configuração de envio não encontrada da conexão
0|whaticket-backend  | 🟢🟢🟢 SOCKET.IO MIDDLEWARE EXECUTED!
0|whaticket-backend  | [22:41:42.490] INFO: === MIDDLEWARE EXECUTED ===
0|whaticket-backend  | [22:41:42.490] INFO: Socket ID:
0|whaticket-backend  | [22:41:42.490] INFO: Handshake query:
0|whaticket-backend  | [22:41:42.490] INFO: Token param:
0|whaticket-backend  | [22:41:42.491] ERROR: Middleware authentication FAILED:
0|whaticket-backend  | 🟢🟢🟢 SOCKET.IO MIDDLEWARE EXECUTED!
0|whaticket-backend  | [22:41:43.288] INFO: === MIDDLEWARE EXECUTED ===
0|whaticket-backend  | [22:41:43.288] INFO: Socket ID:
0|whaticket-backend  | [22:41:43.288] INFO: Handshake query:
0|whaticket-backend  | [22:41:43.288] INFO: Token param:
0|whaticket-backend  | [22:41:43.288] ERROR: Middleware authentication FAILED:
0|whaticket-backend  | 🟢🟢🟢 SOCKET.IO MIDDLEWARE EXECUTED!
0|whaticket-backend  | [22:41:43.300] INFO: === MIDDLEWARE EXECUTED ===
0|whaticket-backend  | [22:41:43.301] INFO: Socket ID:
0|whaticket-backend  | [22:41:43.301] INFO: Handshake query:
0|whaticket-backend  | [22:41:43.301] INFO: Token param:
0|whaticket-backend  | [22:41:43.301] ERROR: Middleware authentication FAILED:
0|whaticket-backend  | 🟢🟢🟢 SOCKET.IO MIDDLEWARE EXECUTED!
0|whaticket-backend  | [22:41:43.304] INFO: === MIDDLEWARE EXECUTED ===
0|whaticket-backend  | [22:41:43.304] INFO: Socket ID:
0|whaticket-backend  | [22:41:43.304] INFO: Handshake query:
0|whaticket-backend  | [22:41:43.304] INFO: Token param:
0|whaticket-backend  | [22:41:43.305] ERROR: Middleware authentication FAILED:
0|whaticket-backend  | 🟢🟢🟢 SOCKET.IO MIDDLEWARE EXECUTED!
0|whaticket-backend  | [22:41:44.290] INFO: === MIDDLEWARE EXECUTED ===
0|whaticket-backend  | [22:41:44.290] INFO: Socket ID:
0|whaticket-backend  | [22:41:44.290] INFO: Handshake query:
0|whaticket-backend  | [22:41:44.290] INFO: Token param:
0|whaticket-backend  | [22:41:44.291] ERROR: Middleware authentication FAILED:
0|whaticket-backend  | 🟢🟢🟢 SOCKET.IO MIDDLEWARE EXECUTED!
0|whaticket-backend  | [22:41:44.294] INFO: === MIDDLEWARE EXECUTED ===
0|whaticket-backend  | [22:41:44.294] INFO: Socket ID:
0|whaticket-backend  | [22:41:44.294] INFO: Handshake query:
0|whaticket-backend  | [22:41:44.294] INFO: Token param:
0|whaticket-backend  | [22:41:44.295] ERROR: Middleware authentication FAILED:
0|whaticket-backend  | 🟢🟢🟢 SOCKET.IO MIDDLEWARE EXECUTED!
0|whaticket-backend  | [22:41:44.322] INFO: === MIDDLEWARE EXECUTED ===
0|whaticket-backend  | [22:41:44.323] INFO: Socket ID:
0|whaticket-backend  | [22:41:44.323] INFO: Handshake query:
0|whaticket-backend  | [22:41:44.323] INFO: Token param:
0|whaticket-backend  | [22:41:44.323] ERROR: Middleware authentication FAILED:
0|whaticket-backend  | 🟢🟢🟢 SOCKET.IO MIDDLEWARE EXECUTED!
0|whaticket-backend  | [22:41:45.681] INFO: === MIDDLEWARE EXECUTED ===
0|whaticket-backend  | [22:41:45.681] INFO: Socket ID:
0|whaticket-backend  | [22:41:45.681] INFO: Handshake query:
0|whaticket-backend  | [22:41:45.681] INFO: Token param:
0|whaticket-backend  | [22:41:45.682] ERROR: Middleware authentication FAILED:
0|whaticket-backend  | 🟢🟢🟢 SOCKET.IO MIDDLEWARE EXECUTED!
0|whaticket-backend  | [22:41:45.683] INFO: === MIDDLEWARE EXECUTED ===
0|whaticket-backend  | [22:41:45.683] INFO: Socket ID:
0|whaticket-backend  | [22:41:45.683] INFO: Handshake query:
0|whaticket-backend  | [22:41:45.684] INFO: Token param:
0|whaticket-backend  | [22:41:45.684] ERROR: Middleware authentication FAILED:
0|whaticket-backend  | 🟢🟢🟢 SOCKET.IO MIDDLEWARE EXECUTED!
0|whaticket-backend  | [22:42:29.300] INFO: === MIDDLEWARE EXECUTED ===
0|whaticket-backend  | [22:42:29.300] INFO: Socket ID:
0|whaticket-backend  | [22:42:29.300] INFO: Handshake query:
0|whaticket-backend  | [22:42:29.300] INFO: Token param:
0|whaticket-backend  | [22:42:29.301] ERROR: Middleware authentication FAILED:
0|whaticket-backend  | 🟢🟢🟢 SOCKET.IO MIDDLEWARE EXECUTED!
0|whaticket-backend  | [22:42:30.337] INFO: === MIDDLEWARE EXECUTED ===
0|whaticket-backend  | [22:42:30.337] INFO: Socket ID:
0|whaticket-backend  | [22:42:30.338] INFO: Handshake query:
0|whaticket-backend  | [22:42:30.338] INFO: Token param:
0|whaticket-backend  | [22:42:30.338] ERROR: Middleware authentication FAILED:
0|whaticket-backend  | 🟢🟢🟢 SOCKET.IO MIDDLEWARE EXECUTED!
0|whaticket-backend  | [22:42:30.339] INFO: === MIDDLEWARE EXECUTED ===
0|whaticket-backend  | [22:42:30.339] INFO: Socket ID:
0|whaticket-backend  | [22:42:30.340] INFO: Handshake query:
0|whaticket-backend  | [22:42:30.340] INFO: Token param:
0|whaticket-backend  | [22:42:30.340] ERROR: Middleware authentication FAILED:
0|whaticket-backend  | 🟢🟢🟢 SOCKET.IO MIDDLEWARE EXECUTED!
0|whaticket-backend  | [22:42:30.342] INFO: === MIDDLEWARE EXECUTED ===
0|whaticket-backend  | [22:42:30.342] INFO: Socket ID:
0|whaticket-backend  | [22:42:30.342] INFO: Handshake query:
0|whaticket-backend  | [22:42:30.342] INFO: Token param:
0|whaticket-backend  | [22:42:30.342] ERROR: Middleware authentication FAILED:
0|whaticket-backend  | 🟢🟢🟢 SOCKET.IO MIDDLEWARE EXECUTED!
0|whaticket-backend  | [22:42:30.383] INFO: === MIDDLEWARE EXECUTED ===
0|whaticket-backend  | [22:42:30.383] INFO: Socket ID:
0|whaticket-backend  | [22:42:30.383] INFO: Handshake query:
0|whaticket-backend  | [22:42:30.384] INFO: Token param:
0|whaticket-backend  | [22:42:30.384] ERROR: Middleware authentication FAILED:
0|whaticket-backend  | 🟢🟢🟢 SOCKET.IO MIDDLEWARE EXECUTED!
0|whaticket-backend  | [22:42:30.386] INFO: === MIDDLEWARE EXECUTED ===
0|whaticket-backend  | [22:42:30.387] INFO: Socket ID:
0|whaticket-backend  | [22:42:30.387] INFO: Handshake query:
0|whaticket-backend  | [22:42:30.387] INFO: Token param:
0|whaticket-backend  | [22:42:30.387] ERROR: Middleware authentication FAILED:
0|whaticket-backend  | 🟢🟢🟢 SOCKET.IO MIDDLEWARE EXECUTED!
0|whaticket-backend  | [22:42:31.325] INFO: === MIDDLEWARE EXECUTED ===
0|whaticket-backend  | [22:42:31.326] INFO: Socket ID:
0|whaticket-backend  | [22:42:31.326] INFO: Handshake query:
0|whaticket-backend  | [22:42:31.326] INFO: Token param:
0|whaticket-backend  | [22:42:31.326] ERROR: Middleware authentication FAILED:
0|whaticket-backend  | 🟢🟢🟢 SOCKET.IO MIDDLEWARE EXECUTED!
0|whaticket-backend  | [22:42:32.289] INFO: === MIDDLEWARE EXECUTED ===
0|whaticket-backend  | [22:42:32.289] INFO: Socket ID:
0|whaticket-backend  | [22:42:32.289] INFO: Handshake query:
0|whaticket-backend  | [22:42:32.289] INFO: Token param:
0|whaticket-backend  | [22:42:32.290] ERROR: Middleware authentication FAILED:
0|whaticket-backend  | 🟢🟢🟢 SOCKET.IO MIDDLEWARE EXECUTED!
0|whaticket-backend  | [22:42:32.292] INFO: === MIDDLEWARE EXECUTED ===
0|whaticket-backend  | [22:42:32.292] INFO: Socket ID:
0|whaticket-backend  | [22:42:32.292] INFO: Handshake query:
0|whaticket-backend  | [22:42:32.293] INFO: Token param:
0|whaticket-backend  | [22:42:32.293] ERROR: Middleware authentication FAILED:
0|whaticket-backend  | 🟢🟢🟢 SOCKET.IO MIDDLEWARE EXECUTED!
0|whaticket-backend  | [22:43:15.469] INFO: === MIDDLEWARE EXECUTED ===
0|whaticket-backend  | [22:43:15.470] INFO: Socket ID:
0|whaticket-backend  | [22:43:15.470] INFO: Handshake query:
0|whaticket-backend  | [22:43:15.471] INFO: Token param:
0|whaticket-backend  | [22:43:15.471] ERROR: Middleware authentication FAILED:
0|whaticket-backend  | 🟢🟢🟢 SOCKET.IO MIDDLEWARE EXECUTED!
0|whaticket-backend  | [22:43:16.171] INFO: === MIDDLEWARE EXECUTED ===
0|whaticket-backend  | [22:43:16.171] INFO: Socket ID:
0|whaticket-backend  | [22:43:16.171] INFO: Handshake query:
0|whaticket-backend  | [22:43:16.171] INFO: Token param:
0|whaticket-backend  | [22:43:16.172] ERROR: Middleware authentication FAILED:
0|whaticket-backend  | 🟢🟢🟢 SOCKET.IO MIDDLEWARE EXECUTED!
0|whaticket-backend  | [22:43:16.468] INFO: === MIDDLEWARE EXECUTED ===
0|whaticket-backend  | [22:43:16.469] INFO: Socket ID:
0|whaticket-backend  | [22:43:16.469] INFO: Handshake query:
0|whaticket-backend  | [22:43:16.469] INFO: Token param:
0|whaticket-backend  | [22:43:16.469] ERROR: Middleware authentication FAILED:
0|whaticket-backend  | 🟢🟢🟢 SOCKET.IO MIDDLEWARE EXECUTED!
0|whaticket-backend  | [22:43:16.537] INFO: === MIDDLEWARE EXECUTED ===
0|whaticket-backend  | [22:43:16.537] INFO: Socket ID:
0|whaticket-backend  | [22:43:16.538] INFO: Handshake query:
0|whaticket-backend  | [22:43:16.538] INFO: Token param:
0|whaticket-backend  | [22:43:16.538] ERROR: Middleware authentication FAILED:
0|whaticket-backend  | 🟢🟢🟢 SOCKET.IO MIDDLEWARE EXECUTED!
0|whaticket-backend  | [22:43:16.858] INFO: === MIDDLEWARE EXECUTED ===
0|whaticket-backend  | [22:43:16.858] INFO: Socket ID:
0|whaticket-backend  | [22:43:16.858] INFO: Handshake query:
0|whaticket-backend  | [22:43:16.858] INFO: Token param:
0|whaticket-backend  | [22:43:16.859] ERROR: Middleware authentication FAILED:
0|whaticket-backend  | 🟢🟢🟢 SOCKET.IO MIDDLEWARE EXECUTED!
0|whaticket-backend  | [22:43:16.878] INFO: === MIDDLEWARE EXECUTED ===
0|whaticket-backend  | [22:43:16.878] INFO: Socket ID:
0|whaticket-backend  | [22:43:16.878] INFO: Handshake query:
0|whaticket-backend  | [22:43:16.878] INFO: Token param:
0|whaticket-backend  | [22:43:16.879] ERROR: Middleware authentication FAILED:
0|whaticket-backend  | 🟢🟢🟢 SOCKET.IO MIDDLEWARE EXECUTED!
0|whaticket-backend  | [22:43:17.840] INFO: === MIDDLEWARE EXECUTED ===
0|whaticket-backend  | [22:43:17.841] INFO: Socket ID:
0|whaticket-backend  | [22:43:17.841] INFO: Handshake query:
0|whaticket-backend  | [22:43:17.841] INFO: Token param:
0|whaticket-backend  | [22:43:17.841] ERROR: Middleware authentication FAILED:
0|whaticket-backend  | 🟢🟢🟢 SOCKET.IO MIDDLEWARE EXECUTED!
0|whaticket-backend  | [22:43:18.144] INFO: === MIDDLEWARE EXECUTED ===
0|whaticket-backend  | [22:43:18.145] INFO: Socket ID:
0|whaticket-backend  | [22:43:18.145] INFO: Handshake query:
0|whaticket-backend  | [22:43:18.145] INFO: Token param:
0|whaticket-backend  | [22:43:18.145] ERROR: Middleware authentication FAILED:
0|whaticket-backend  | 🟢🟢🟢 SOCKET.IO MIDDLEWARE EXECUTED!
0|whaticket-backend  | [22:43:18.955] INFO: === MIDDLEWARE EXECUTED ===
0|whaticket-backend  | [22:43:18.955] INFO: Socket ID:
0|whaticket-backend  | [22:43:18.955] INFO: Handshake query:
0|whaticket-backend  | [22:43:18.955] INFO: Token param:
0|whaticket-backend  | [22:43:18.955] ERROR: Middleware authentication FAILED:
0|whaticket-backend  | 🟢🟢🟢 SOCKET.IO MIDDLEWARE EXECUTED!
0|whaticket-backend  | [22:43:54.087] INFO: === MIDDLEWARE EXECUTED ===
0|whaticket-backend  | [22:43:54.087] INFO: Socket ID:
0|whaticket-backend  | [22:43:54.087] INFO: Handshake query:
0|whaticket-backend  | [22:43:54.087] INFO: Token param:
0|whaticket-backend  | [22:43:54.087] ERROR: Middleware authentication FAILED:
0|whaticket-backend  | [22:43:54.799] WARN:
0|whaticket-backend  |     message: "Invalid token. We'll try to assign a new one on next request"
0|whaticket-backend  |     statusCode: 403
0|whaticket-backend  | 🟢🟢🟢 SOCKET.IO MIDDLEWARE EXECUTED!
0|whaticket-backend  | [22:43:56.101] INFO: === MIDDLEWARE EXECUTED ===
0|whaticket-backend  | [22:43:56.102] INFO: Socket ID:
0|whaticket-backend  | [22:43:56.102] INFO: Handshake query:
0|whaticket-backend  | [22:43:56.103] INFO: Token param:
0|whaticket-backend  | [22:43:56.104] INFO: Middleware SUCCESS - User ID:
0|whaticket-backend  | 🟢🟢🟢 CONNECTION EVENT FINALLY FIRED!
0|whaticket-backend  | [22:43:56.104] INFO: === CONNECTION EVENT ===
0|whaticket-backend  | [22:43:56.105] INFO: Socket ID:
0|whaticket-backend  | [22:43:56.105] INFO: Attached user ID:
0|whaticket-backend  | [22:43:56.113] INFO: Client Connected - User:
0|whaticket-backend  | [22:43:57.213] INFO: Client disconnected:
0|whaticket-backend  | 🟢🟢🟢 SOCKET.IO MIDDLEWARE EXECUTED!
0|whaticket-backend  | [22:43:57.266] INFO: === MIDDLEWARE EXECUTED ===
0|whaticket-backend  | [22:43:57.266] INFO: Socket ID:
0|whaticket-backend  | [22:43:57.266] INFO: Handshake query:
0|whaticket-backend  | [22:43:57.266] INFO: Token param:
0|whaticket-backend  | [22:43:57.267] INFO: Middleware SUCCESS - User ID:
0|whaticket-backend  | 🟢🟢🟢 CONNECTION EVENT FINALLY FIRED!
0|whaticket-backend  | [22:43:57.267] INFO: === CONNECTION EVENT ===
0|whaticket-backend  | [22:43:57.268] INFO: Socket ID:
0|whaticket-backend  | [22:43:57.268] INFO: Attached user ID:
0|whaticket-backend  | 🟢🟢🟢 SOCKET.IO MIDDLEWARE EXECUTED!
0|whaticket-backend  | [22:43:57.274] INFO: === MIDDLEWARE EXECUTED ===
0|whaticket-backend  | [22:43:57.274] INFO: Socket ID:
0|whaticket-backend  | [22:43:57.274] INFO: Handshake query:
0|whaticket-backend  | [22:43:57.274] INFO: Token param:
0|whaticket-backend  | [22:43:57.275] INFO: Middleware SUCCESS - User ID:
0|whaticket-backend  | 🟢🟢🟢 CONNECTION EVENT FINALLY FIRED!
0|whaticket-backend  | [22:43:57.275] INFO: === CONNECTION EVENT ===
0|whaticket-backend  | [22:43:57.275] INFO: Socket ID:
0|whaticket-backend  | [22:43:57.275] INFO: Attached user ID:
0|whaticket-backend  | [22:43:57.277] INFO: Client Connected - User:
0|whaticket-backend  | [22:43:57.280] INFO: Client Connected - User:
0|whaticket-backend  | 🟢🟢🟢 SOCKET.IO MIDDLEWARE EXECUTED!
0|whaticket-backend  | [22:44:00.073] INFO: === MIDDLEWARE EXECUTED ===
0|whaticket-backend  | [22:44:00.074] INFO: Socket ID:
0|whaticket-backend  | [22:44:00.074] INFO: Handshake query:
0|whaticket-backend  | [22:44:00.075] INFO: Token param:
0|whaticket-backend  | [22:44:00.075] INFO: Middleware SUCCESS - User ID:
0|whaticket-backend  | 🟢🟢🟢 CONNECTION EVENT FINALLY FIRED!
0|whaticket-backend  | [22:44:00.076] INFO: === CONNECTION EVENT ===
0|whaticket-backend  | [22:44:00.076] INFO: Socket ID:
0|whaticket-backend  | [22:44:00.077] INFO: Attached user ID:
0|whaticket-backend  | 🟢🟢🟢 SOCKET.IO MIDDLEWARE EXECUTED!
0|whaticket-backend  | [22:44:00.091] INFO: === MIDDLEWARE EXECUTED ===
0|whaticket-backend  | [22:44:00.091] INFO: Socket ID:
0|whaticket-backend  | [22:44:00.091] INFO: Handshake query:
0|whaticket-backend  | [22:44:00.092] INFO: Token param:
0|whaticket-backend  | [22:44:00.092] INFO: Middleware SUCCESS - User ID:
0|whaticket-backend  | 🟢🟢🟢 CONNECTION EVENT FINALLY FIRED!
0|whaticket-backend  | [22:44:00.093] INFO: === CONNECTION EVENT ===
0|whaticket-backend  | [22:44:00.093] INFO: Socket ID:
0|whaticket-backend  | [22:44:00.094] INFO: Attached user ID:
0|whaticket-backend  | [22:44:00.097] INFO: Client Connected - User:
0|whaticket-backend  | [22:44:00.100] INFO: Client Connected - User:
0|whaticket-backend  | [22:44:00.515] INFO: Client disconnected:
0|whaticket-backend  | [22:44:00.515] INFO: Client disconnected:
0|whaticket-backend  | 🟢🟢🟢 SOCKET.IO MIDDLEWARE EXECUTED!
0|whaticket-backend  | [22:44:00.565] INFO: === MIDDLEWARE EXECUTED ===
0|whaticket-backend  | [22:44:00.567] INFO: Socket ID:
0|whaticket-backend  | [22:44:00.567] INFO: Handshake query:
0|whaticket-backend  | [22:44:00.568] INFO: Token param:
0|whaticket-backend  | [22:44:00.568] INFO: Middleware SUCCESS - User ID:
0|whaticket-backend  | 🟢🟢🟢 CONNECTION EVENT FINALLY FIRED!
0|whaticket-backend  | [22:44:00.569] INFO: === CONNECTION EVENT ===
0|whaticket-backend  | [22:44:00.569] INFO: Socket ID:
0|whaticket-backend  | [22:44:00.569] INFO: Attached user ID:
0|whaticket-backend  | 🟢🟢🟢 SOCKET.IO MIDDLEWARE EXECUTED!
0|whaticket-backend  | [22:44:00.574] INFO: === MIDDLEWARE EXECUTED ===
0|whaticket-backend  | [22:44:00.574] INFO: Socket ID:
0|whaticket-backend  | [22:44:00.574] INFO: Handshake query:
0|whaticket-backend  | [22:44:00.574] INFO: Token param:
0|whaticket-backend  | [22:44:00.575] INFO: Middleware SUCCESS - User ID:
0|whaticket-backend  | 🟢🟢🟢 CONNECTION EVENT FINALLY FIRED!
0|whaticket-backend  | [22:44:00.575] INFO: === CONNECTION EVENT ===
0|whaticket-backend  | [22:44:00.575] INFO: Socket ID:
0|whaticket-backend  | [22:44:00.575] INFO: Attached user ID:
0|whaticket-backend  | [22:44:00.583] INFO: Client Connected - User:
0|whaticket-backend  | [22:44:00.587] INFO: Client Connected - User:
0|whaticket-backend  | [22:44:00.920] INFO: Client disconnected:
0|whaticket-backend  | [22:44:00.967] INFO: Client disconnected:
0|whaticket-backend  | 🟢🟢🟢 SOCKET.IO MIDDLEWARE EXECUTED!
0|whaticket-backend  | [22:44:00.995] INFO: === MIDDLEWARE EXECUTED ===
0|whaticket-backend  | [22:44:00.996] INFO: Socket ID:
0|whaticket-backend  | [22:44:00.996] INFO: Handshake query:
0|whaticket-backend  | [22:44:00.996] INFO: Token param:
0|whaticket-backend  | [22:44:00.996] INFO: Middleware SUCCESS - User ID:
0|whaticket-backend  | 🟢🟢🟢 CONNECTION EVENT FINALLY FIRED!
0|whaticket-backend  | [22:44:00.997] INFO: === CONNECTION EVENT ===
0|whaticket-backend  | [22:44:00.997] INFO: Socket ID:
0|whaticket-backend  | [22:44:00.997] INFO: Attached user ID:
0|whaticket-backend  | 🟢🟢🟢 SOCKET.IO MIDDLEWARE EXECUTED!
0|whaticket-backend  | [22:44:01.001] INFO: === MIDDLEWARE EXECUTED ===
0|whaticket-backend  | [22:44:01.001] INFO: Socket ID:
0|whaticket-backend  | [22:44:01.001] INFO: Handshake query:
0|whaticket-backend  | [22:44:01.001] INFO: Token param:
0|whaticket-backend  | [22:44:01.001] INFO: Middleware SUCCESS - User ID:
0|whaticket-backend  | 🟢🟢🟢 CONNECTION EVENT FINALLY FIRED!
0|whaticket-backend  | [22:44:01.002] INFO: === CONNECTION EVENT ===
0|whaticket-backend  | [22:44:01.002] INFO: Socket ID:
0|whaticket-backend  | [22:44:01.002] INFO: Attached user ID:
0|whaticket-backend  | [22:44:01.009] INFO: Client Connected - User:
0|whaticket-backend  | [22:44:01.012] INFO: Client Connected - User:
0|whaticket-backend  | 🟢🟢🟢 SOCKET.IO MIDDLEWARE EXECUTED!
0|whaticket-backend  | [22:44:01.437] INFO: === MIDDLEWARE EXECUTED ===
0|whaticket-backend  | [22:44:01.437] INFO: Socket ID:
0|whaticket-backend  | [22:44:01.438] INFO: Handshake query:
0|whaticket-backend  | [22:44:01.438] INFO: Token param:
0|whaticket-backend  | [22:44:01.438] ERROR: Middleware authentication FAILED:
0|whaticket-backend  | [22:44:01.665] INFO: Ticket 73 messages read
0|whaticket-backend  | 🟢🟢🟢 SOCKET.IO MIDDLEWARE EXECUTED!
0|whaticket-backend  | [22:44:01.773] INFO: === MIDDLEWARE EXECUTED ===
0|whaticket-backend  | [22:44:01.773] INFO: Socket ID:
0|whaticket-backend  | [22:44:01.773] INFO: Handshake query:
0|whaticket-backend  | [22:44:01.773] INFO: Token param:
0|whaticket-backend  | [22:44:01.774] INFO: Middleware SUCCESS - User ID:
0|whaticket-backend  | 🟢🟢🟢 CONNECTION EVENT FINALLY FIRED!
0|whaticket-backend  | [22:44:01.775] INFO: === CONNECTION EVENT ===
0|whaticket-backend  | [22:44:01.775] INFO: Socket ID:
0|whaticket-backend  | [22:44:01.775] INFO: Attached user ID:
0|whaticket-backend  | [22:44:01.864] INFO: Client Connected - User:
0|whaticket-backend  | [22:44:02.674] INFO: Client disconnected:
0|whaticket-backend  | [22:44:02.674] INFO: Client disconnected:
0|whaticket-backend  | [22:44:02.675] INFO: Client disconnected:
0|whaticket-backend  | [22:44:02.676] INFO: Client disconnected:
0|whaticket-backend  | [22:44:02.676] INFO: Client disconnected:
0|whaticket-backend  | 🟢🟢🟢 SOCKET.IO MIDDLEWARE EXECUTED!
0|whaticket-backend  | [22:44:02.931] INFO: === MIDDLEWARE EXECUTED ===
0|whaticket-backend  | [22:44:02.931] INFO: Socket ID:
0|whaticket-backend  | [22:44:02.931] INFO: Handshake query:
0|whaticket-backend  | [22:44:02.931] INFO: Token param:
0|whaticket-backend  | [22:44:02.932] ERROR: Middleware authentication FAILED:
0|whaticket-backend  | 🟢🟢🟢 SOCKET.IO MIDDLEWARE EXECUTED!
0|whaticket-backend  | [22:44:02.978] INFO: === MIDDLEWARE EXECUTED ===
0|whaticket-backend  | [22:44:02.979] INFO: Socket ID:
0|whaticket-backend  | [22:44:02.979] INFO: Handshake query:
0|whaticket-backend  | [22:44:02.980] INFO: Token param:
0|whaticket-backend  | [22:44:02.980] ERROR: Middleware authentication FAILED:
0|whaticket-backend  | 🟢🟢🟢 SOCKET.IO MIDDLEWARE EXECUTED!
0|whaticket-backend  | [22:44:03.434] INFO: === MIDDLEWARE EXECUTED ===
0|whaticket-backend  | [22:44:03.434] INFO: Socket ID:
0|whaticket-backend  | [22:44:03.434] INFO: Handshake query:
0|whaticket-backend  | [22:44:03.434] INFO: Token param:
0|whaticket-backend  | [22:44:03.435] INFO: Middleware SUCCESS - User ID:
0|whaticket-backend  | 🟢🟢🟢 CONNECTION EVENT FINALLY FIRED!
0|whaticket-backend  | [22:44:03.436] INFO: === CONNECTION EVENT ===
0|whaticket-backend  | [22:44:03.436] INFO: Socket ID:
0|whaticket-backend  | [22:44:03.436] INFO: Attached user ID:
0|whaticket-backend  | 🟢🟢🟢 SOCKET.IO MIDDLEWARE EXECUTED!
0|whaticket-backend  | [22:44:03.440] INFO: === MIDDLEWARE EXECUTED ===
0|whaticket-backend  | [22:44:03.440] INFO: Socket ID:
0|whaticket-backend  | [22:44:03.440] INFO: Handshake query:
0|whaticket-backend  | [22:44:03.440] INFO: Token param:
0|whaticket-backend  | [22:44:03.440] INFO: Middleware SUCCESS - User ID:
0|whaticket-backend  | 🟢🟢🟢 CONNECTION EVENT FINALLY FIRED!
0|whaticket-backend  | [22:44:03.441] INFO: === CONNECTION EVENT ===
0|whaticket-backend  | [22:44:03.441] INFO: Socket ID:
0|whaticket-backend  | [22:44:03.441] INFO: Attached user ID:
0|whaticket-backend  | [22:44:03.447] INFO: Client Connected - User:
0|whaticket-backend  | [22:44:03.450] INFO: Client Connected - User:
0|whaticket-backend  | [22:44:03.792] INFO: Client disconnected:
0|whaticket-backend  | [22:44:03.813] INFO: Client disconnected:
0|whaticket-backend  | 🟢🟢🟢 SOCKET.IO MIDDLEWARE EXECUTED!
0|whaticket-backend  | [22:44:03.846] INFO: === MIDDLEWARE EXECUTED ===
0|whaticket-backend  | [22:44:03.847] INFO: Socket ID:
0|whaticket-backend  | [22:44:03.847] INFO: Handshake query:
0|whaticket-backend  | [22:44:03.847] INFO: Token param:
0|whaticket-backend  | [22:44:03.847] INFO: Middleware SUCCESS - User ID:
0|whaticket-backend  | 🟢🟢🟢 CONNECTION EVENT FINALLY FIRED!
0|whaticket-backend  | [22:44:03.848] INFO: === CONNECTION EVENT ===
0|whaticket-backend  | [22:44:03.848] INFO: Socket ID:
0|whaticket-backend  | [22:44:03.848] INFO: Attached user ID:
0|whaticket-backend  | [22:44:03.860] INFO: Client Connected - User:
0|whaticket-backend  | 🟢🟢🟢 SOCKET.IO MIDDLEWARE EXECUTED!
0|whaticket-backend  | [22:44:04.699] INFO: === MIDDLEWARE EXECUTED ===
0|whaticket-backend  | [22:44:04.699] INFO: Socket ID:
0|whaticket-backend  | [22:44:04.699] INFO: Handshake query:
0|whaticket-backend  | [22:44:04.699] INFO: Token param:
0|whaticket-backend  | [22:44:04.700] ERROR: Middleware authentication FAILED:
0|whaticket-backend  | [22:44:46.482] INFO: Client disconnected:
0|whaticket-backend  | 🟢🟢🟢 SOCKET.IO MIDDLEWARE EXECUTED!
0|whaticket-backend  | [22:44:46.539] INFO: === MIDDLEWARE EXECUTED ===
0|whaticket-backend  | [22:44:46.539] INFO: Socket ID:
0|whaticket-backend  | [22:44:46.539] INFO: Handshake query:
0|whaticket-backend  | [22:44:46.539] INFO: Token param:
0|whaticket-backend  | [22:44:46.539] INFO: Middleware SUCCESS - User ID:
0|whaticket-backend  | 🟢🟢🟢 CONNECTION EVENT FINALLY FIRED!
0|whaticket-backend  | [22:44:46.540] INFO: === CONNECTION EVENT ===
0|whaticket-backend  | [22:44:46.540] INFO: Socket ID:
0|whaticket-backend  | [22:44:46.540] INFO: Attached user ID:
0|whaticket-backend  | 🟢🟢🟢 SOCKET.IO MIDDLEWARE EXECUTED!
0|whaticket-backend  | [22:44:46.544] INFO: === MIDDLEWARE EXECUTED ===
0|whaticket-backend  | [22:44:46.545] INFO: Socket ID:
0|whaticket-backend  | [22:44:46.545] INFO: Handshake query:
0|whaticket-backend  | [22:44:46.546] INFO: Token param:
0|whaticket-backend  | [22:44:46.546] INFO: Middleware SUCCESS - User ID:
0|whaticket-backend  | 🟢🟢🟢 CONNECTION EVENT FINALLY FIRED!
0|whaticket-backend  | [22:44:46.547] INFO: === CONNECTION EVENT ===
0|whaticket-backend  | [22:44:46.547] INFO: Socket ID:
0|whaticket-backend  | [22:44:46.547] INFO: Attached user ID:
0|whaticket-backend  | [22:44:46.562] INFO: Client Connected - User:
0|whaticket-backend  | [22:44:46.564] INFO: Client Connected - User:
0|whaticket-backend  | 🟢🟢🟢 SOCKET.IO MIDDLEWARE EXECUTED!
0|whaticket-backend  | [22:44:47.596] INFO: === MIDDLEWARE EXECUTED ===
0|whaticket-backend  | [22:44:47.597] INFO: Socket ID:
0|whaticket-backend  | [22:44:47.597] INFO: Handshake query:
0|whaticket-backend  | [22:44:47.597] INFO: Token param:
0|whaticket-backend  | [22:44:47.597] ERROR: Middleware authentication FAILED:
0|whaticket-backend  | 🟢🟢🟢 SOCKET.IO MIDDLEWARE EXECUTED!
0|whaticket-backend  | [22:44:48.654] INFO: === MIDDLEWARE EXECUTED ===
0|whaticket-backend  | [22:44:48.654] INFO: Socket ID:
0|whaticket-backend  | [22:44:48.654] INFO: Handshake query:
0|whaticket-backend  | [22:44:48.654] INFO: Token param:
0|whaticket-backend  | [22:44:48.654] ERROR: Middleware authentication FAILED:
0|whaticket-backend  | 🟢🟢🟢 SOCKET.IO MIDDLEWARE EXECUTED!
0|whaticket-backend  | [22:44:48.882] INFO: === MIDDLEWARE EXECUTED ===
0|whaticket-backend  | [22:44:48.882] INFO: Socket ID:
0|whaticket-backend  | [22:44:48.883] INFO: Handshake query:
0|whaticket-backend  | [22:44:48.883] INFO: Token param:
0|whaticket-backend  | [22:44:48.883] ERROR: Middleware authentication FAILED:
0|whaticket-backend  | 🟢🟢🟢 SOCKET.IO MIDDLEWARE EXECUTED!
0|whaticket-backend  | [22:44:50.476] INFO: === MIDDLEWARE EXECUTED ===
0|whaticket-backend  | [22:44:50.476] INFO: Socket ID:
0|whaticket-backend  | [22:44:50.477] INFO: Handshake query:
0|whaticket-backend  | [22:44:50.477] INFO: Token param:
0|whaticket-backend  | [22:44:50.477] ERROR: Middleware authentication FAILED:
0|whaticket-backend  | 📨 ========== NUEVO MENSAJE ==========
0|whaticket-backend  | 🆔 ID: AC48572D46...
0|whaticket-backend  | 📞 RemoteJid: 124777406664808@lid
0|whaticket-backend  | 👤 FromMe: NO
0|whaticket-backend  | 👥 Participant: N/A
0|whaticket-backend  | 📛 PushName: Agustín Navarro
0|whaticket-backend  | ⏰ Timestamp: 10:45:27 PM
0|whaticket-backend  | 🔍 ANALIZANDO JID: 124777406664808@lid
0|whaticket-backend  |    Tipo: LID
0|whaticket-backend  | 🔍 [GetRealNumberFromLid] INICIANDO BUSQUEDA
0|whaticket-backend  |    Input: "124777406664808@lid"
0|whaticket-backend  |    SessionId: "11"
0|whaticket-backend  |    Clean input: "124777406664808" (15 dígitos)
0|whaticket-backend  |    Tipo: Número normal
0|whaticket-backend  | 🔍 Buscando mapping exacto: lid-mapping-124777406664808_reverse
0|whaticket-backend  | ✅ Encontrado 1 mapping(s) exacto(s)
0|whaticket-backend  |    whatsappId: 11
0|whaticket-backend  |    value: "5492478577503"
0|whaticket-backend  | 🎯 ÉXITO: 124777406664808 -> 5492478577503
0|whaticket-backend  | 🎯 [BAILEYS_SESSIONS] CONVERSIÓN EXITOSA:
0|whaticket-backend  |    Input original: 124777406664808@lid
0|whaticket-backend  |    Número real: 5492478577503
0|whaticket-backend  |    JID real: 5492478577503@s.whatsapp.net
0|whaticket-backend  |    Es LID? true
0|whaticket-backend  | ✅ FIN obtenerNumeroRealDeMensaje - BAILEYS_SESSIONS
0|whaticket-backend  | 📞 === ANTES DE verifyContact ===
0|whaticket-backend  | msgContact recibido:
0|whaticket-backend  |   id: 5492478577503@s.whatsapp.net
0|whaticket-backend  |   name: Agustín Navarro
0|whaticket-backend  |   number: 5492478577503
0|whaticket-backend  |   esLid: SÍ
0|whaticket-backend  |   lid: 124777406664808@lid
0|whaticket-backend  |   originalJid: 124777406664808@lid
0|whaticket-backend  | ===============================
0|whaticket-backend  | 🔍 === verifyContact INICIO ===
0|whaticket-backend  | 📥 DATOS DE ENTRADA:
0|whaticket-backend  |    ID: 5492478577503@s.whatsapp.net
0|whaticket-backend  |    Nombre: Agustín Navarro
0|whaticket-backend  |    Número recibido: 5492478577503
0|whaticket-backend  |    Es LID?: SÍ
0|whaticket-backend  |    LID: 124777406664808@lid
0|whaticket-backend  |    JID original: 124777406664808@lid
0|whaticket-backend  | 🖼️  Foto de perfil obtenida
0|whaticket-backend  | 👤 VERIFICANDO CONTACTO:
0|whaticket-backend  |    ID recibido: 5492478577503@s.whatsapp.net
0|whaticket-backend  |    Número en msgContact: 5492478577503
0|whaticket-backend  |    Es LID?: SÍ
0|whaticket-backend  |    LID original: 124777406664808@lid
0|whaticket-backend  |    JID original: 124777406664808@lid
0|whaticket-backend  | 🔍 Contacto tiene LID, verificando número real: 124777406664808@lid
0|whaticket-backend  | 🔍 [GetRealNumberFromLid] INICIANDO BUSQUEDA
0|whaticket-backend  |    Input: "124777406664808@lid"
0|whaticket-backend  |    SessionId: "11"
0|whaticket-backend  |    Clean input: "124777406664808" (15 dígitos)
0|whaticket-backend  |    Tipo: Número normal
0|whaticket-backend  | 🔍 Buscando mapping exacto: lid-mapping-124777406664808_reverse
0|whaticket-backend  | ✅ Encontrado 1 mapping(s) exacto(s)
0|whaticket-backend  |    whatsappId: 11
0|whaticket-backend  |    value: "5492478577503"
0|whaticket-backend  | 🎯 ÉXITO: 124777406664808 -> 5492478577503
0|whaticket-backend  | ✅ [BAILEYS_SESSIONS] LID convertido a número en verifyContact: 5492478577503
0|whaticket-backend  | 🔧 DATOS DEL WBOT:
0|whaticket-backend  |    wbot.id: 11
0|whaticket-backend  |    wbot.user?.id: 5492478477558:11@s.whatsapp.net
0|whaticket-backend  | ⚠️  No se pudo obtener companyId del WhatsApp, usando valor por defecto: 1
0|whaticket-backend  | 📝 DATOS FINALES DEL CONTACTO:
0|whaticket-backend  |    Nombre: Agustín Navarro
0|whaticket-backend  |    Número: 5492478577503
0|whaticket-backend  |    LID guardado: 124777406664808@lid
0|whaticket-backend  |    Company ID: 1
0|whaticket-backend  |    WhatsApp ID: 11
0|whaticket-backend  |    originaljid: 124777406664808@lid
0|whaticket-backend  | 🔎 BUSCANDO CONTACTO EXISTENTE...
0|whaticket-backend  |    Número: 5492478577503
0|whaticket-backend  |    Company ID buscado: 1
0|whaticket-backend  | ⚠️  No se encontró contacto con companyId: 1
0|whaticket-backend  |    Contactos encontrados con mismo número: 1
0|whaticket-backend  | 📊 CONTACTOS EXISTENTES CON ESTE NÚMERO:
0|whaticket-backend  |    1. ID: 18632, CompanyId: 2, WhatsAppId: 10, LID: NULL
0|whaticket-backend  | ✅ Usando contacto existente más antiguo: ID 18632
0|whaticket-backend  | 🔄 Actualizando companyId de 2 a 1
0|whaticket-backend  | ✅ Contacto final a usar: 18632
0|whaticket-backend  |    Nombre actual: Agustín Navarro
0|whaticket-backend  |    LID actual: NULL
0|whaticket-backend  |    CompanyId actual: 2
0|whaticket-backend  |    Actualizando LID a: 124777406664808@lid
0|whaticket-backend  |    Actualizando originaljid a: 124777406664808@lid
0|whaticket-backend  | ✅ Contacto actualizado exitosamente
0|whaticket-backend  | 📊 DIAGNÓSTICO COMPLETO DEL MENSAJE:
0|whaticket-backend  | ======================================
0|whaticket-backend  | 📱 DATOS CRUDOS:
0|whaticket-backend  |    RemoteJid: 124777406664808@lid
0|whaticket-backend  |    Participant: 
0|whaticket-backend  |    FromMe: false
0|whaticket-backend  |    PushName: Agustín Navarro
0|whaticket-backend  |    Tipo de mensaje: conversation
0|whaticket-backend  | 🔍 ANÁLISIS LID:
0|whaticket-backend  |    JID analizado: 124777406664808@lid
0|whaticket-backend  | 🎫 === ANTES DE FindOrCreateTicketService ===
0|whaticket-backend  | CONTACTO OBTENIDO:
0|whaticket-backend  |    ID: 18632
0|whaticket-backend  |    Número: 5492478577503
0|whaticket-backend  |    Nombre: Agustín Navarro
0|whaticket-backend  |    LID: 124777406664808@lid
0|whaticket-backend  |    WhatsApp ID: 11
0|whaticket-backend  |    Company ID: 1
0|whaticket-backend  | ===============================
0|whaticket-backend  | [22:45:29.565] INFO: Ticket 74 messages read
0|whaticket-backend  | 🟢🟢🟢 SOCKET.IO MIDDLEWARE EXECUTED!
0|whaticket-backend  | [22:45:33.365] INFO: === MIDDLEWARE EXECUTED ===
0|whaticket-backend  | [22:45:33.366] INFO: Socket ID:
0|whaticket-backend  | [22:45:33.366] INFO: Handshake query:
0|whaticket-backend  | [22:45:33.367] INFO: Token param:
0|whaticket-backend  | [22:45:33.368] ERROR: Middleware authentication FAILED:
0|whaticket-backend  | 🟢🟢🟢 SOCKET.IO MIDDLEWARE EXECUTED!
0|whaticket-backend  | [22:45:34.302] INFO: === MIDDLEWARE EXECUTED ===
0|whaticket-backend  | [22:45:34.303] INFO: Socket ID:
0|whaticket-backend  | [22:45:34.306] INFO: Handshake query:
0|whaticket-backend  | [22:45:34.307] INFO: Token param:
0|whaticket-backend  | [22:45:34.308] ERROR: Middleware authentication FAILED:
0|whaticket-backend  | 🟢🟢🟢 SOCKET.IO MIDDLEWARE EXECUTED!
0|whaticket-backend  | [22:45:35.370] INFO: === MIDDLEWARE EXECUTED ===
0|whaticket-backend  | [22:45:35.370] INFO: Socket ID:
0|whaticket-backend  | [22:45:35.371] INFO: Handshake query:
0|whaticket-backend  | [22:45:35.372] INFO: Token param:
0|whaticket-backend  | [22:45:35.372] ERROR: Middleware authentication FAILED:
0|whaticket-backend  | 🟢🟢🟢 SOCKET.IO MIDDLEWARE EXECUTED!
0|whaticket-backend  | [22:45:37.315] INFO: === MIDDLEWARE EXECUTED ===
0|whaticket-backend  | [22:45:37.315] INFO: Socket ID:
0|whaticket-backend  | [22:45:37.316] INFO: Handshake query:
0|whaticket-backend  | [22:45:37.316] INFO: Token param:
0|whaticket-backend  | [22:45:37.317] ERROR: Middleware authentication FAILED:
0|whaticket-backend  | 🟢🟢🟢 SOCKET.IO MIDDLEWARE EXECUTED!
0|whaticket-backend  | [22:46:19.289] INFO: === MIDDLEWARE EXECUTED ===
0|whaticket-backend  | [22:46:19.290] INFO: Socket ID:
0|whaticket-backend  | [22:46:19.290] INFO: Handshake query:
0|whaticket-backend  | [22:46:19.290] INFO: Token param:
0|whaticket-backend  | [22:46:19.290] ERROR: Middleware authentication FAILED:
0|whaticket-backend  | 🟢🟢🟢 SOCKET.IO MIDDLEWARE EXECUTED!
0|whaticket-backend  | [22:46:20.585] INFO: === MIDDLEWARE EXECUTED ===
0|whaticket-backend  | [22:46:20.585] INFO: Socket ID:
0|whaticket-backend  | [22:46:20.585] INFO: Handshake query:
0|whaticket-backend  | [22:46:20.585] INFO: Token param:
0|whaticket-backend  | [22:46:20.585] ERROR: Middleware authentication FAILED:
0|whaticket-backend  | 🟢🟢🟢 SOCKET.IO MIDDLEWARE EXECUTED!
0|whaticket-backend  | [22:46:22.287] INFO: === MIDDLEWARE EXECUTED ===
0|whaticket-backend  | [22:46:22.288] INFO: Socket ID:
0|whaticket-backend  | [22:46:22.288] INFO: Handshake query:
0|whaticket-backend  | [22:46:22.288] INFO: Token param:
0|whaticket-backend  | [22:46:22.288] ERROR: Middleware authentication FAILED:
0|whaticket-backend  | 🟢🟢🟢 SOCKET.IO MIDDLEWARE EXECUTED!
0|whaticket-backend  | [22:46:24.279] INFO: === MIDDLEWARE EXECUTED ===
0|whaticket-backend  | [22:46:24.280] INFO: Socket ID:
0|whaticket-backend  | [22:46:24.280] INFO: Handshake query:
0|whaticket-backend  | [22:46:24.280] INFO: Token param:
0|whaticket-backend  | [22:46:24.280] ERROR: Middleware authentication FAILED:
0|whaticket-backend  | 🟢🟢🟢 SOCKET.IO MIDDLEWARE EXECUTED!
0|whaticket-backend  | [22:47:06.369] INFO: === MIDDLEWARE EXECUTED ===
0|whaticket-backend  | [22:47:06.369] INFO: Socket ID:
0|whaticket-backend  | [22:47:06.370] INFO: Handshake query:
0|whaticket-backend  | [22:47:06.370] INFO: Token param:
0|whaticket-backend  | [22:47:06.370] ERROR: Middleware authentication FAILED:
0|whaticket-backend  | 🟢🟢🟢 SOCKET.IO MIDDLEWARE EXECUTED!
0|whaticket-backend  | [22:47:07.342] INFO: === MIDDLEWARE EXECUTED ===
0|whaticket-backend  | [22:47:07.342] INFO: Socket ID:
0|whaticket-backend  | [22:47:07.342] INFO: Handshake query:
0|whaticket-backend  | [22:47:07.342] INFO: Token param:
0|whaticket-backend  | [22:47:07.343] ERROR: Middleware authentication FAILED:
0|whaticket-backend  | 🟢🟢🟢 SOCKET.IO MIDDLEWARE EXECUTED!
0|whaticket-backend  | [22:47:09.290] INFO: === MIDDLEWARE EXECUTED ===
0|whaticket-backend  | [22:47:09.290] INFO: Socket ID:
0|whaticket-backend  | [22:47:09.290] INFO: Handshake query:
0|whaticket-backend  | [22:47:09.290] INFO: Token param:
0|whaticket-backend  | [22:47:09.290] ERROR: Middleware authentication FAILED:
0|whaticket-backend  | 🟢🟢🟢 SOCKET.IO MIDDLEWARE EXECUTED!
0|whaticket-backend  | [22:47:11.298] INFO: === MIDDLEWARE EXECUTED ===
0|whaticket-backend  | [22:47:11.299] INFO: Socket ID:
0|whaticket-backend  | [22:47:11.299] INFO: Handshake query:
0|whaticket-backend  | [22:47:11.299] INFO: Token param:
0|whaticket-backend  | [22:47:11.300] ERROR: Middleware authentication FAILED:
0|whaticket-backend  | [22:47:18.666] WARN:
0|whaticket-backend  |     message: "ERR_NO_TICKET_FOUND"
0|whaticket-backend  |     statusCode: 404
0|whaticket-backend  | 🟢🟢🟢 SOCKET.IO MIDDLEWARE EXECUTED!
0|whaticket-backend  | [22:47:18.890] INFO: === MIDDLEWARE EXECUTED ===
0|whaticket-backend  | [22:47:18.891] INFO: Socket ID:
0|whaticket-backend  | [22:47:18.891] INFO: Handshake query:
0|whaticket-backend  | [22:47:18.891] INFO: Token param:
0|whaticket-backend  | [22:47:18.892] INFO: Middleware SUCCESS - User ID:
0|whaticket-backend  | 🟢🟢🟢 CONNECTION EVENT FINALLY FIRED!
0|whaticket-backend  | [22:47:18.892] INFO: === CONNECTION EVENT ===
0|whaticket-backend  | [22:47:18.892] INFO: Socket ID:
0|whaticket-backend  | [22:47:18.892] INFO: Attached user ID:
0|whaticket-backend  | [22:47:18.897] INFO: Client Connected - User:
0|whaticket-backend  | 🟢🟢🟢 SOCKET.IO MIDDLEWARE EXECUTED!
0|whaticket-backend  | [22:47:19.161] INFO: === MIDDLEWARE EXECUTED ===
0|whaticket-backend  | [22:47:19.161] INFO: Socket ID:
0|whaticket-backend  | [22:47:19.161] INFO: Handshake query:
0|whaticket-backend  | [22:47:19.161] INFO: Token param:
0|whaticket-backend  | [22:47:19.161] INFO: Middleware SUCCESS - User ID:
0|whaticket-backend  | 🟢🟢🟢 CONNECTION EVENT FINALLY FIRED!
0|whaticket-backend  | [22:47:19.162] INFO: === CONNECTION EVENT ===
0|whaticket-backend  | [22:47:19.162] INFO: Socket ID:
0|whaticket-backend  | [22:47:19.162] INFO: Attached user ID:
0|whaticket-backend  | [22:47:19.170] INFO: Client Connected - User:
0|whaticket-backend  | [22:47:19.228] INFO: Invalid attempt to join ticket 74 by user 29
0|whaticket-backend  | [22:47:19.267] WARN:
0|whaticket-backend  |     message: "ERR_NO_TICKET_FOUND"
0|whaticket-backend  |     statusCode: 404
0|whaticket-backend  | [22:47:19.271] INFO: Invalid attempt to join ticket 74 by user 29
0|whaticket-backend  | [22:47:19.508] WARN:
0|whaticket-backend  |     message: "ERR_NO_TICKET_FOUND"
0|whaticket-backend  |     statusCode: 404
0|whaticket-backend  | [22:47:27.425] INFO: Client disconnected:
0|whaticket-backend  | [22:47:27.426] INFO: Client disconnected:
0|whaticket-backend  | [22:47:27.426] INFO: Client disconnected:
0|whaticket-backend  | [22:47:27.427] INFO: Client disconnected:
0|whaticket-backend  | 🟢🟢🟢 SOCKET.IO MIDDLEWARE EXECUTED!
0|whaticket-backend  | [22:47:27.864] INFO: === MIDDLEWARE EXECUTED ===
0|whaticket-backend  | [22:47:27.864] INFO: Socket ID:
0|whaticket-backend  | [22:47:27.864] INFO: Handshake query:
0|whaticket-backend  | [22:47:27.864] INFO: Token param:
0|whaticket-backend  | [22:47:27.864] INFO: Middleware SUCCESS - User ID:
0|whaticket-backend  | 🟢🟢🟢 CONNECTION EVENT FINALLY FIRED!
0|whaticket-backend  | [22:47:27.865] INFO: === CONNECTION EVENT ===
0|whaticket-backend  | [22:47:27.865] INFO: Socket ID:
0|whaticket-backend  | [22:47:27.865] INFO: Attached user ID:
0|whaticket-backend  | 🟢🟢🟢 SOCKET.IO MIDDLEWARE EXECUTED!
0|whaticket-backend  | [22:47:27.875] INFO: === MIDDLEWARE EXECUTED ===
0|whaticket-backend  | [22:47:27.875] INFO: Socket ID:
0|whaticket-backend  | [22:47:27.875] INFO: Handshake query:
0|whaticket-backend  | [22:47:27.875] INFO: Token param:
0|whaticket-backend  | [22:47:27.875] INFO: Middleware SUCCESS - User ID:
0|whaticket-backend  | 🟢🟢🟢 CONNECTION EVENT FINALLY FIRED!
0|whaticket-backend  | [22:47:27.876] INFO: === CONNECTION EVENT ===
0|whaticket-backend  | [22:47:27.876] INFO: Socket ID:
0|whaticket-backend  | [22:47:27.877] INFO: Attached user ID:
0|whaticket-backend  | [22:47:27.883] INFO: Client Connected - User:
0|whaticket-backend  | [22:47:27.962] INFO: Client Connected - User:
0|whaticket-backend  | 🟢🟢🟢 SOCKET.IO MIDDLEWARE EXECUTED!
0|whaticket-backend  | [22:47:28.106] INFO: === MIDDLEWARE EXECUTED ===
0|whaticket-backend  | [22:47:28.106] INFO: Socket ID:
0|whaticket-backend  | [22:47:28.106] INFO: Handshake query:
0|whaticket-backend  | [22:47:28.106] INFO: Token param:
0|whaticket-backend  | [22:47:28.107] INFO: Middleware SUCCESS - User ID:
0|whaticket-backend  | 🟢🟢🟢 CONNECTION EVENT FINALLY FIRED!
0|whaticket-backend  | [22:47:28.107] INFO: === CONNECTION EVENT ===
0|whaticket-backend  | [22:47:28.107] INFO: Socket ID:
0|whaticket-backend  | [22:47:28.108] INFO: Attached user ID:
0|whaticket-backend  | [22:47:28.114] INFO: Client disconnected:
0|whaticket-backend  | [22:47:28.117] INFO: Client Connected - User:
0|whaticket-backend  | 🟢🟢🟢 SOCKET.IO MIDDLEWARE EXECUTED!
0|whaticket-backend  | [22:47:28.690] INFO: === MIDDLEWARE EXECUTED ===
0|whaticket-backend  | [22:47:28.690] INFO: Socket ID:
0|whaticket-backend  | [22:47:28.691] INFO: Handshake query:
0|whaticket-backend  | [22:47:28.691] INFO: Token param:
0|whaticket-backend  | [22:47:28.691] INFO: Middleware SUCCESS - User ID:
0|whaticket-backend  | 🟢🟢🟢 CONNECTION EVENT FINALLY FIRED!
0|whaticket-backend  | [22:47:28.691] INFO: === CONNECTION EVENT ===
0|whaticket-backend  | [22:47:28.691] INFO: Socket ID:
0|whaticket-backend  | [22:47:28.691] INFO: Attached user ID:
0|whaticket-backend  | 🟢🟢🟢 SOCKET.IO MIDDLEWARE EXECUTED!
0|whaticket-backend  | [22:47:28.694] INFO: === MIDDLEWARE EXECUTED ===
0|whaticket-backend  | [22:47:28.694] INFO: Socket ID:
0|whaticket-backend  | [22:47:28.694] INFO: Handshake query:
0|whaticket-backend  | [22:47:28.694] INFO: Token param:
0|whaticket-backend  | [22:47:28.694] INFO: Middleware SUCCESS - User ID:
0|whaticket-backend  | 🟢🟢🟢 CONNECTION EVENT FINALLY FIRED!
0|whaticket-backend  | [22:47:28.695] INFO: === CONNECTION EVENT ===
0|whaticket-backend  | [22:47:28.695] INFO: Socket ID:
0|whaticket-backend  | [22:47:28.695] INFO: Attached user ID:
0|whaticket-backend  | [22:47:28.704] INFO: Client Connected - User:
0|whaticket-backend  | 🟢🟢🟢 SOCKET.IO MIDDLEWARE EXECUTED!
0|whaticket-backend  | [22:47:28.706] INFO: === MIDDLEWARE EXECUTED ===
0|whaticket-backend  | [22:47:28.706] INFO: Socket ID:
0|whaticket-backend  | [22:47:28.706] INFO: Handshake query:
0|whaticket-backend  | [22:47:28.706] INFO: Token param:
0|whaticket-backend  | [22:47:28.706] INFO: Middleware SUCCESS - User ID:
0|whaticket-backend  | 🟢🟢🟢 CONNECTION EVENT FINALLY FIRED!
0|whaticket-backend  | [22:47:28.707] INFO: === CONNECTION EVENT ===
0|whaticket-backend  | [22:47:28.707] INFO: Socket ID:
0|whaticket-backend  | [22:47:28.707] INFO: Attached user ID:
0|whaticket-backend  | [22:47:28.710] INFO: Client Connected - User:
0|whaticket-backend  | [22:47:28.763] INFO: Client Connected - User:
0|whaticket-backend  | 🟢🟢🟢 SOCKET.IO MIDDLEWARE EXECUTED!
0|whaticket-backend  | [22:47:28.893] INFO: === MIDDLEWARE EXECUTED ===
0|whaticket-backend  | [22:47:28.893] INFO: Socket ID:
0|whaticket-backend  | [22:47:28.894] INFO: Handshake query:
0|whaticket-backend  | [22:47:28.894] INFO: Token param:
0|whaticket-backend  | [22:47:28.894] INFO: Middleware SUCCESS - User ID:
0|whaticket-backend  | 🟢🟢🟢 CONNECTION EVENT FINALLY FIRED!
0|whaticket-backend  | [22:47:28.895] INFO: === CONNECTION EVENT ===
0|whaticket-backend  | [22:47:28.895] INFO: Socket ID:
0|whaticket-backend  | [22:47:28.895] INFO: Attached user ID:
0|whaticket-backend  | 🟢🟢🟢 SOCKET.IO MIDDLEWARE EXECUTED!
0|whaticket-backend  | [22:47:28.900] INFO: === MIDDLEWARE EXECUTED ===
0|whaticket-backend  | [22:47:28.900] INFO: Socket ID:
0|whaticket-backend  | [22:47:28.900] INFO: Handshake query:
0|whaticket-backend  | [22:47:28.900] INFO: Token param:
0|whaticket-backend  | [22:47:28.900] INFO: Middleware SUCCESS - User ID:
0|whaticket-backend  | 🟢🟢🟢 CONNECTION EVENT FINALLY FIRED!
0|whaticket-backend  | [22:47:28.900] INFO: === CONNECTION EVENT ===
0|whaticket-backend  | [22:47:28.900] INFO: Socket ID:
0|whaticket-backend  | [22:47:28.901] INFO: Attached user ID:
0|whaticket-backend  | [22:47:28.904] INFO: Client Connected - User:
0|whaticket-backend  | [22:47:28.906] INFO: Client Connected - User:
0|whaticket-backend  | 🟢🟢🟢 SOCKET.IO MIDDLEWARE EXECUTED!
0|whaticket-backend  | [22:47:29.050] INFO: === MIDDLEWARE EXECUTED ===
0|whaticket-backend  | [22:47:29.050] INFO: Socket ID:
0|whaticket-backend  | [22:47:29.050] INFO: Handshake query:
0|whaticket-backend  | [22:47:29.050] INFO: Token param:
0|whaticket-backend  | [22:47:29.050] INFO: Middleware SUCCESS - User ID:
0|whaticket-backend  | 🟢🟢🟢 CONNECTION EVENT FINALLY FIRED!
0|whaticket-backend  | [22:47:29.051] INFO: === CONNECTION EVENT ===
0|whaticket-backend  | [22:47:29.051] INFO: Socket ID:
0|whaticket-backend  | [22:47:29.051] INFO: Attached user ID:
0|whaticket-backend  | [22:47:29.060] INFO: Client Connected - User:
0|whaticket-backend  | [22:47:29.180] INFO: Invalid attempt to join ticket 74 by user 29
0|whaticket-backend  | [22:47:29.265] WARN:
0|whaticket-backend  |     message: "ERR_NO_TICKET_FOUND"
0|whaticket-backend  |     statusCode: 404
0|whaticket-backend  | [22:47:29.322] INFO: Invalid attempt to join ticket 74 by user 29
0|whaticket-backend  | [22:47:29.326] WARN:
0|whaticket-backend  |     message: "ERR_NO_TICKET_FOUND"
0|whaticket-backend  |     statusCode: 404
0|whaticket-backend  | 📨 ========== NUEVO MENSAJE ==========
0|whaticket-backend  | 🆔 ID: ACE69ABDC2...
0|whaticket-backend  | 📞 RemoteJid: 124777406664808@lid
0|whaticket-backend  | 👤 FromMe: NO
0|whaticket-backend  | 👥 Participant: N/A
0|whaticket-backend  | 📛 PushName: Agustín Navarro
0|whaticket-backend  | ⏰ Timestamp: 10:48:22 PM
0|whaticket-backend  | 🔍 ANALIZANDO JID: 124777406664808@lid
0|whaticket-backend  |    Tipo: LID
0|whaticket-backend  | 🔍 [GetRealNumberFromLid] INICIANDO BUSQUEDA
0|whaticket-backend  |    Input: "124777406664808@lid"
0|whaticket-backend  |    SessionId: "11"
0|whaticket-backend  |    Clean input: "124777406664808" (15 dígitos)
0|whaticket-backend  |    Tipo: Número normal
0|whaticket-backend  | 🔍 Buscando mapping exacto: lid-mapping-124777406664808_reverse
0|whaticket-backend  | ✅ Encontrado 1 mapping(s) exacto(s)
0|whaticket-backend  |    whatsappId: 11
0|whaticket-backend  |    value: "5492478577503"
0|whaticket-backend  | 🎯 ÉXITO: 124777406664808 -> 5492478577503
0|whaticket-backend  | 🎯 [BAILEYS_SESSIONS] CONVERSIÓN EXITOSA:
0|whaticket-backend  |    Input original: 124777406664808@lid
0|whaticket-backend  |    Número real: 5492478577503
0|whaticket-backend  |    JID real: 5492478577503@s.whatsapp.net
0|whaticket-backend  |    Es LID? true
0|whaticket-backend  | ✅ FIN obtenerNumeroRealDeMensaje - BAILEYS_SESSIONS
0|whaticket-backend  | 📞 === ANTES DE verifyContact ===
0|whaticket-backend  | msgContact recibido:
0|whaticket-backend  |   id: 5492478577503@s.whatsapp.net
0|whaticket-backend  |   name: Agustín Navarro
0|whaticket-backend  |   number: 5492478577503
0|whaticket-backend  |   esLid: SÍ
0|whaticket-backend  |   lid: 124777406664808@lid
0|whaticket-backend  |   originalJid: 124777406664808@lid
0|whaticket-backend  | ===============================
0|whaticket-backend  | 🔍 === verifyContact INICIO ===
0|whaticket-backend  | 📥 DATOS DE ENTRADA:
0|whaticket-backend  |    ID: 5492478577503@s.whatsapp.net
0|whaticket-backend  |    Nombre: Agustín Navarro
0|whaticket-backend  |    Número recibido: 5492478577503
0|whaticket-backend  |    Es LID?: SÍ
0|whaticket-backend  |    LID: 124777406664808@lid
0|whaticket-backend  |    JID original: 124777406664808@lid
0|whaticket-backend  | 🖼️  Foto de perfil obtenida
0|whaticket-backend  | 👤 VERIFICANDO CONTACTO:
0|whaticket-backend  |    ID recibido: 5492478577503@s.whatsapp.net
0|whaticket-backend  |    Número en msgContact: 5492478577503
0|whaticket-backend  |    Es LID?: SÍ
0|whaticket-backend  |    LID original: 124777406664808@lid
0|whaticket-backend  |    JID original: 124777406664808@lid
0|whaticket-backend  | 🔍 Contacto tiene LID, verificando número real: 124777406664808@lid
0|whaticket-backend  | 🔍 [GetRealNumberFromLid] INICIANDO BUSQUEDA
0|whaticket-backend  |    Input: "124777406664808@lid"
0|whaticket-backend  |    SessionId: "11"
0|whaticket-backend  |    Clean input: "124777406664808" (15 dígitos)
0|whaticket-backend  |    Tipo: Número normal
0|whaticket-backend  | 🔍 Buscando mapping exacto: lid-mapping-124777406664808_reverse
0|whaticket-backend  | ✅ Encontrado 1 mapping(s) exacto(s)
0|whaticket-backend  |    whatsappId: 11
0|whaticket-backend  |    value: "5492478577503"
0|whaticket-backend  | 🎯 ÉXITO: 124777406664808 -> 5492478577503
0|whaticket-backend  | ✅ [BAILEYS_SESSIONS] LID convertido a número en verifyContact: 5492478577503
0|whaticket-backend  | 🔧 DATOS DEL WBOT:
0|whaticket-backend  |    wbot.id: 11
0|whaticket-backend  |    wbot.user?.id: 5492478477558:11@s.whatsapp.net
0|whaticket-backend  | ⚠️  No se pudo obtener companyId del WhatsApp, usando valor por defecto: 1
0|whaticket-backend  | 📝 DATOS FINALES DEL CONTACTO:
0|whaticket-backend  |    Nombre: Agustín Navarro
0|whaticket-backend  |    Número: 5492478577503
0|whaticket-backend  |    LID guardado: 124777406664808@lid
0|whaticket-backend  |    Company ID: 1
0|whaticket-backend  |    WhatsApp ID: 11
0|whaticket-backend  |    originaljid: 124777406664808@lid
0|whaticket-backend  | 🔎 BUSCANDO CONTACTO EXISTENTE...
0|whaticket-backend  |    Número: 5492478577503
0|whaticket-backend  |    Company ID buscado: 1
0|whaticket-backend  | ✅ Contacto encontrado con número y companyId: 18632
0|whaticket-backend  |    Contact Company ID: 1
0|whaticket-backend  | ✅ Contacto final a usar: 18632
0|whaticket-backend  |    Nombre actual: Agustín Navarro
0|whaticket-backend  |    LID actual: 124777406664808@lid
0|whaticket-backend  |    CompanyId actual: 1
0|whaticket-backend  | ✅ Contacto actualizado exitosamente
0|whaticket-backend  | 📊 DIAGNÓSTICO COMPLETO DEL MENSAJE:
0|whaticket-backend  | ======================================
0|whaticket-backend  | 📱 DATOS CRUDOS:
0|whaticket-backend  |    RemoteJid: 124777406664808@lid
0|whaticket-backend  |    Participant: 
0|whaticket-backend  |    FromMe: false
0|whaticket-backend  |    PushName: Agustín Navarro
0|whaticket-backend  |    Tipo de mensaje: conversation
0|whaticket-backend  | 🔍 ANÁLISIS LID:
0|whaticket-backend  |    JID analizado: 124777406664808@lid
0|whaticket-backend  | 🎫 === ANTES DE FindOrCreateTicketService ===
0|whaticket-backend  | CONTACTO OBTENIDO:
0|whaticket-backend  |    ID: 18632
0|whaticket-backend  |    Número: 5492478577503
0|whaticket-backend  |    Nombre: Agustín Navarro
0|whaticket-backend  |    LID: 124777406664808@lid
0|whaticket-backend  |    WhatsApp ID: 11
0|whaticket-backend  |    Company ID: 1
0|whaticket-backend  | ===============================
0|whaticket-backend  | [22:48:24.161] INFO: Ticket 75 messages read
0|whaticket-backend  | [22:48:38.316] INFO: Ticket 75 messages read
0|whaticket-backend  | [22:48:38.438] INFO: Client disconnected:
0|whaticket-backend  | [22:48:38.442] INFO: Client disconnected:
0|whaticket-backend  | 🟢🟢🟢 SOCKET.IO MIDDLEWARE EXECUTED!
0|whaticket-backend  | [22:48:38.505] INFO: === MIDDLEWARE EXECUTED ===
0|whaticket-backend  | [22:48:38.505] INFO: Socket ID:
0|whaticket-backend  | [22:48:38.505] INFO: Handshake query:
0|whaticket-backend  | [22:48:38.505] INFO: Token param:
0|whaticket-backend  | [22:48:38.505] INFO: Middleware SUCCESS - User ID:
0|whaticket-backend  | 🟢🟢🟢 CONNECTION EVENT FINALLY FIRED!
0|whaticket-backend  | [22:48:38.506] INFO: === CONNECTION EVENT ===
0|whaticket-backend  | [22:48:38.506] INFO: Socket ID:
0|whaticket-backend  | [22:48:38.506] INFO: Attached user ID:
0|whaticket-backend  | 🟢🟢🟢 SOCKET.IO MIDDLEWARE EXECUTED!
0|whaticket-backend  | [22:48:38.510] INFO: === MIDDLEWARE EXECUTED ===
0|whaticket-backend  | [22:48:38.510] INFO: Socket ID:
0|whaticket-backend  | [22:48:38.510] INFO: Handshake query:
0|whaticket-backend  | [22:48:38.511] INFO: Token param:
0|whaticket-backend  | [22:48:38.511] INFO: Middleware SUCCESS - User ID:
0|whaticket-backend  | 🟢🟢🟢 CONNECTION EVENT FINALLY FIRED!
0|whaticket-backend  | [22:48:38.511] INFO: === CONNECTION EVENT ===
0|whaticket-backend  | [22:48:38.511] INFO: Socket ID:
0|whaticket-backend  | [22:48:38.512] INFO: Attached user ID:
0|whaticket-backend  | [22:48:38.518] INFO: Client Connected - User:
0|whaticket-backend  | [22:48:38.519] INFO: Client Connected - User:
0|whaticket-backend  | 🟢🟢🟢 SOCKET.IO MIDDLEWARE EXECUTED!
0|whaticket-backend  | [22:48:39.253] INFO: === MIDDLEWARE EXECUTED ===
0|whaticket-backend  | [22:48:39.254] INFO: Socket ID:
0|whaticket-backend  | [22:48:39.254] INFO: Handshake query:
0|whaticket-backend  | [22:48:39.255] INFO: Token param:
0|whaticket-backend  | [22:48:39.255] INFO: Middleware SUCCESS - User ID:
0|whaticket-backend  | 🟢🟢🟢 CONNECTION EVENT FINALLY FIRED!
0|whaticket-backend  | [22:48:39.258] INFO: === CONNECTION EVENT ===
0|whaticket-backend  | [22:48:39.258] INFO: Socket ID:
0|whaticket-backend  | [22:48:39.262] INFO: Attached user ID:
0|whaticket-backend  | [22:48:39.278] INFO: Ticket 75 messages read
0|whaticket-backend  | [22:48:39.281] INFO: Client Connected - User:
0|whaticket-backend  | [SendWhatsAppMessage] Enviando mensaje a ticket: 75
0|whaticket-backend  | [SendWhatsAppMessage] Número original: 5492478577503
0|whaticket-backend  | [SendWhatsAppMessage] WhatsApp ID: 11
0|whaticket-backend  | 🔍 [GetRealNumberFromLid] INICIANDO BUSQUEDA
0|whaticket-backend  |    Input: "5492478577503"
0|whaticket-backend  |    SessionId: "11"
0|whaticket-backend  |    Clean input: "5492478577503" (13 dígitos)
0|whaticket-backend  |    Tipo: Número normal
0|whaticket-backend  | 🔍 Buscando mapping exacto: lid-mapping-5492478577503_reverse
0|whaticket-backend  | [22:48:44.424] INFO: Ticket 75 messages read
0|whaticket-backend  |    ⚠️ No se encontró mapping exacto
0|whaticket-backend  | 🔍 Buscando coincidencias parciales...
0|whaticket-backend  |    Total mappings: 12
0|whaticket-backend  | 🔍 Buscando LID para número: 5492478577503
0|whaticket-backend  | ✅ Número tiene LID asociado
0|whaticket-backend  |    LID: "124777406664808"
0|whaticket-backend  | [SendWhatsAppMessage] Resultado mapping:
0|whaticket-backend  |   - Número real: 5492478577503
0|whaticket-backend  |   - Es LID: false
0|whaticket-backend  |   - Original: 5492478577503
0|whaticket-backend  | [SendWhatsAppMessage] Enviando a: 5492478577503@s.whatsapp.net
0|whaticket-backend  | Closing session: SessionEntry {
0|whaticket-backend  |   _chains: {
0|whaticket-backend  |     'BW7Kbbik1mK5B/U/1xKBnc75mA8Pj+NCWBx1NVgBPwY/': { chainKey: [Object], chainType: 2, messageKeys: {} },
0|whaticket-backend  |     'BXb1jVaTAuP/AbyEbTqNh4EbI8QP9b5EQIJjxfYMwCxa': { chainKey: [Object], chainType: 1, messageKeys: {} }
0|whaticket-backend  |   },
0|whaticket-backend  |   registrationId: 11985483,
0|whaticket-backend  |   currentRatchet: {
0|whaticket-backend  |     ephemeralKeyPair: {
0|whaticket-backend  |       pubKey: <Buffer 05 76 f5 8d 56 93 02 e3 ff 01 bc 84 6d 3a 8d 87 81 1b 23 c4 0f f5 be 44 40 82 63 c5 f6 0c c0 2c 5a>,
0|whaticket-backend  |       privKey: <Buffer a8 97 d4 b4 a5 c2 df 43 c5 db 3d f4 18 2d 09 29 61 7d c9 45 8a 17 4e cf b4 7d 55 24 92 19 e4 45>
0|whaticket-backend  |     },
0|whaticket-backend  |     lastRemoteEphemeralKey: <Buffer 05 6e ca 6d b8 a4 d6 62 b9 07 f5 3f d7 12 81 9d ce f9 98 0f 0f 8f e3 42 58 1c 75 35 58 01 3f 06 3f>,
0|whaticket-backend  |     previousCounter: 0,
0|whaticket-backend  |     rootKey: <Buffer d6 2b 85 f4 7d 24 b4 4d 1c 0c fe c5 1b ca fb f8 5c 33 95 71 57 ab 09 89 34 f2 8d cd a7 8d 78 65>
0|whaticket-backend  |   },
0|whaticket-backend  |   indexInfo: {
0|whaticket-backend  |     baseKey: <Buffer 05 0e 7b c2 28 44 44 b0 7d 69 14 3a a2 16 be 46 99 fb fb 48 52 c6 2e 18 0e 58 57 8b b0 5f 8a e0 29>,
0|whaticket-backend  |     baseKeyType: 2,
0|whaticket-backend  |     closed: -1,
0|whaticket-backend  |     used: 1769272289951,
0|whaticket-backend  |     created: 1769272289951,
0|whaticket-backend  |     remoteIdentityKey: <Buffer 05 21 1c 1f d3 d0 66 94 45 12 c8 30 85 b9 f1 09 42 c2 71 74 89 48 bd 4b cb 50 25 f0 e3 ce bc fe 4c>
0|whaticket-backend  |   }
0|whaticket-backend  | }
0|whaticket-backend  | Closing session: SessionEntry {
0|whaticket-backend  |   _chains: {
0|whaticket-backend  |     'BbM1Uc7/iUPO9cD5/FP292Y8LZgJBVEm7ZCbVzNL/2hX': { chainKey: [Object], chainType: 1, messageKeys: {} }
0|whaticket-backend  |   },
0|whaticket-backend  |   registrationId: 387988832,
0|whaticket-backend  |   currentRatchet: {
0|whaticket-backend  |     ephemeralKeyPair: {
0|whaticket-backend  |       pubKey: <Buffer 05 b3 35 51 ce ff 89 43 ce f5 c0 f9 fc 53 f6 f7 66 3c 2d 98 09 05 51 26 ed 90 9b 57 33 4b ff 68 57>,
0|whaticket-backend  |       privKey: <Buffer 80 4d 03 50 89 69 ac c6 49 40 ef 7c a7 fa 2e 17 8b 78 e7 59 6b 49 90 f2 1d 06 32 a4 59 18 0c 58>
0|whaticket-backend  |     },
0|whaticket-backend  |     lastRemoteEphemeralKey: <Buffer 05 96 f5 bd 8d 80 93 1d 21 c9 8f d0 dd a7 1d 74 62 9f d3 14 63 a6 f1 65 fe b4 14 5f 0d e1 53 f1 76>,
0|whaticket-backend  |     previousCounter: 0,
0|whaticket-backend  |     rootKey: <Buffer 5b ef 44 76 43 51 7c 2c 22 5f de 4a af b1 ba 90 b8 87 64 94 54 33 64 b4 d0 6d 53 93 8b b3 36 16>
0|whaticket-backend  |   },
0|whaticket-backend  |   indexInfo: {
0|whaticket-backend  |     baseKey: <Buffer 05 ce 22 aa 20 97 e5 22 92 aa a4 ea 1a 41 f7 98 39 f6 d7 44 a7 0c 0d 14 9b c4 cb 1f 63 c9 1e c0 7e>,
0|whaticket-backend  |     baseKeyType: 1,
0|whaticket-backend  |     closed: -1,
0|whaticket-backend  |     used: 1769293421263,
0|whaticket-backend  |     created: 1769293421263,
0|whaticket-backend  |     remoteIdentityKey: <Buffer 05 d3 8a 8e 2d 06 25 2a 3e 46 68 39 7e bf 58 c7 42 65 c7 f5 ce 1d 1c f7 81 f6 9f b2 52 9f 7b a3 45>
0|whaticket-backend  |   },
0|whaticket-backend  |   pendingPreKey: {
0|whaticket-backend  |     signedKeyId: 11982441,
0|whaticket-backend  |     baseKey: <Buffer 05 ce 22 aa 20 97 e5 22 92 aa a4 ea 1a 41 f7 98 39 f6 d7 44 a7 0c 0d 14 9b c4 cb 1f 63 c9 1e c0 7e>,
0|whaticket-backend  |     preKeyId: 15221312
0|whaticket-backend  |   }
0|whaticket-backend  | }
0|whaticket-backend  | [SendWhatsAppMessage] ✅ Mensaje enviado exitosamente a: 5492478577503@s.whatsapp.net
0|whaticket-backend  | 📨 ========== NUEVO MENSAJE ==========
0|whaticket-backend  | 🆔 ID: 3EB038FF89...
0|whaticket-backend  | 📞 RemoteJid: 5492478577503@s.whatsapp.net
0|whaticket-backend  | 👤 FromMe: SÍ
0|whaticket-backend  | 👥 Participant: N/A
0|whaticket-backend  | 📛 PushName: N/A
0|whaticket-backend  | ⏰ Timestamp: 10:48:44 PM
0|whaticket-backend  | 🔍 ANALIZANDO JID: 5492478577503@s.whatsapp.net
0|whaticket-backend  |    Tipo: Tradicional
0|whaticket-backend  | 🔍 [GetRealNumberFromLid] INICIANDO BUSQUEDA
0|whaticket-backend  |    Input: "5492478577503@s.whatsapp.net"
0|whaticket-backend  |    SessionId: "11"
0|whaticket-backend  |    Clean input: "5492478577503" (13 dígitos)
0|whaticket-backend  |    Tipo: Número normal
0|whaticket-backend  | 🔍 Buscando mapping exacto: lid-mapping-5492478577503_reverse
0|whaticket-backend  |    ⚠️ No se encontró mapping exacto
0|whaticket-backend  | 🔍 Buscando coincidencias parciales...
0|whaticket-backend  |    Total mappings: 12
0|whaticket-backend  | 🔍 Buscando LID para número: 5492478577503
0|whaticket-backend  | ✅ Número tiene LID asociado
0|whaticket-backend  |    LID: "124777406664808"
0|whaticket-backend  | 🔍 obtenerNumeroReal - JID recibido: 5492478577503@s.whatsapp.net
0|whaticket-backend  | ✅ Número tradicional extraído: 5492478577503
0|whaticket-backend  | ✅ RESULTADO (no LID @lid):
0|whaticket-backend  |    JID original: 5492478577503@s.whatsapp.net
0|whaticket-backend  |    Número obtenido: 5492478577503
0|whaticket-backend  |    Es LID?: NO
0|whaticket-backend  | ✅ FIN obtenerNumeroRealDeMensaje - NORMALIZADOR NO LID
0|whaticket-backend  | 📞 === ANTES DE verifyContact ===
0|whaticket-backend  | msgContact recibido:
0|whaticket-backend  |   id: 5492478577503@s.whatsapp.net
0|whaticket-backend  |   name: 5492478577503
0|whaticket-backend  |   number: 5492478577503
0|whaticket-backend  |   esLid: NO
0|whaticket-backend  |   lid: N/A
0|whaticket-backend  |   originalJid: 5492478577503@s.whatsapp.net
0|whaticket-backend  | ===============================
0|whaticket-backend  | 🔍 === verifyContact INICIO ===
0|whaticket-backend  | 📥 DATOS DE ENTRADA:
0|whaticket-backend  |    ID: 5492478577503@s.whatsapp.net
0|whaticket-backend  |    Nombre: 5492478577503
0|whaticket-backend  |    Número recibido: 5492478577503
0|whaticket-backend  |    Es LID?: NO
0|whaticket-backend  |    LID: N/A
0|whaticket-backend  |    JID original: 5492478577503@s.whatsapp.net
0|whaticket-backend  | 🖼️  Foto de perfil obtenida
0|whaticket-backend  | 👤 VERIFICANDO CONTACTO:
0|whaticket-backend  |    ID recibido: 5492478577503@s.whatsapp.net
0|whaticket-backend  |    Número en msgContact: 5492478577503
0|whaticket-backend  |    Es LID?: NO
0|whaticket-backend  |    LID original: N/A
0|whaticket-backend  |    JID original: 5492478577503@s.whatsapp.net
0|whaticket-backend  | 🔧 DATOS DEL WBOT:
0|whaticket-backend  |    wbot.id: 11
0|whaticket-backend  |    wbot.user?.id: 5492478477558:11@s.whatsapp.net
0|whaticket-backend  | ⚠️  No se pudo obtener companyId del WhatsApp, usando valor por defecto: 1
0|whaticket-backend  | 📝 DATOS FINALES DEL CONTACTO:
0|whaticket-backend  |    Nombre: 5492478577503
0|whaticket-backend  |    Número: 5492478577503
0|whaticket-backend  |    LID guardado: null
0|whaticket-backend  |    Company ID: 1
0|whaticket-backend  |    WhatsApp ID: 11
0|whaticket-backend  |    originaljid: 5492478577503@s.whatsapp.net
0|whaticket-backend  | 🔎 BUSCANDO CONTACTO EXISTENTE...
0|whaticket-backend  |    Número: 5492478577503
0|whaticket-backend  |    Company ID buscado: 1
0|whaticket-backend  | ✅ Contacto encontrado con número y companyId: 18632
0|whaticket-backend  |    Contact Company ID: 1
0|whaticket-backend  | ✅ Contacto final a usar: 18632
0|whaticket-backend  |    Nombre actual: Agustín Navarro
0|whaticket-backend  |    LID actual: 124777406664808@lid
0|whaticket-backend  |    CompanyId actual: 1
0|whaticket-backend  |    Actualizando originaljid a: 5492478577503@s.whatsapp.net
0|whaticket-backend  | ✅ Contacto actualizado exitosamente
0|whaticket-backend  | 📊 DIAGNÓSTICO COMPLETO DEL MENSAJE:
0|whaticket-backend  | ======================================
0|whaticket-backend  | 📱 DATOS CRUDOS:
0|whaticket-backend  |    RemoteJid: 5492478577503@s.whatsapp.net
0|whaticket-backend  |    Participant: null
0|whaticket-backend  |    FromMe: true
0|whaticket-backend  |    PushName: null
0|whaticket-backend  |    Tipo de mensaje: extendedTextMessage
0|whaticket-backend  | 🔍 ANÁLISIS LID:
0|whaticket-backend  |    JID analizado: 5492478577503@s.whatsapp.net
0|whaticket-backend  | 🎫 === ANTES DE FindOrCreateTicketService ===
0|whaticket-backend  | CONTACTO OBTENIDO:
0|whaticket-backend  |    ID: 18632
0|whaticket-backend  |    Número: 5492478577503
0|whaticket-backend  |    Nombre: 5492478577503
0|whaticket-backend  |    LID: 124777406664808@lid
0|whaticket-backend  |    WhatsApp ID: 11
0|whaticket-backend  |    Company ID: 1
0|whaticket-backend  | ===============================
0|whaticket-backend  | [SendWhatsAppMessage] Enviando mensaje a ticket: 75
0|whaticket-backend  | [SendWhatsAppMessage] Número original: 5492478577503
0|whaticket-backend  | [SendWhatsAppMessage] WhatsApp ID: 11
0|whaticket-backend  | 🔍 [GetRealNumberFromLid] INICIANDO BUSQUEDA
0|whaticket-backend  |    Input: "5492478577503"
0|whaticket-backend  |    SessionId: "11"
0|whaticket-backend  |    Clean input: "5492478577503" (13 dígitos)
0|whaticket-backend  |    Tipo: Número normal
0|whaticket-backend  | 🔍 Buscando mapping exacto: lid-mapping-5492478577503_reverse
0|whaticket-backend  | [22:48:52.335] INFO: Ticket 75 messages read
0|whaticket-backend  |    ⚠️ No se encontró mapping exacto
0|whaticket-backend  | 🔍 Buscando coincidencias parciales...
0|whaticket-backend  |    Total mappings: 12
0|whaticket-backend  | 🔍 Buscando LID para número: 5492478577503
0|whaticket-backend  | ✅ Número tiene LID asociado
0|whaticket-backend  |    LID: "124777406664808"
0|whaticket-backend  | [SendWhatsAppMessage] Resultado mapping:
0|whaticket-backend  |   - Número real: 5492478577503
0|whaticket-backend  |   - Es LID: false
0|whaticket-backend  |   - Original: 5492478577503
0|whaticket-backend  | [SendWhatsAppMessage] Enviando a: 5492478577503@s.whatsapp.net
0|whaticket-backend  | Closing session: SessionEntry {
0|whaticket-backend  |   _chains: {
0|whaticket-backend  |     'BfHqh45fC4/4ftAans3od/FXe+9Ih5/dTcmwgCmIieMy': { chainKey: [Object], chainType: 1, messageKeys: {} }
0|whaticket-backend  |   },
0|whaticket-backend  |   registrationId: 13008,
0|whaticket-backend  |   currentRatchet: {
0|whaticket-backend  |     ephemeralKeyPair: {
0|whaticket-backend  |       pubKey: <Buffer 05 f1 ea 87 8e 5f 0b 8f f8 7e d0 1a 9e cd e8 77 f1 57 7b ef 48 87 9f dd 4d c9 b0 80 29 88 89 e3 32>,
0|whaticket-backend  |       privKey: <Buffer 00 2f a2 ad 76 cb 68 6e 3e 58 52 9e be 4b 66 22 dd 91 67 ea 0e 78 43 36 ba 22 50 91 01 9a 0f 50>
0|whaticket-backend  |     },
0|whaticket-backend  |     lastRemoteEphemeralKey: <Buffer 05 85 ca b9 1f cc e3 dd 51 2a 8e f6 32 12 86 75 de 61 d8 38 a9 85 fd f8 74 45 9e 49 f0 55 4d cc 71>,
0|whaticket-backend  |     previousCounter: 0,
0|whaticket-backend  |     rootKey: <Buffer e0 86 2c e2 b6 0c b0 c4 19 0b 02 91 36 04 37 46 da 22 b3 63 dd f7 01 ee 0a ec ff a2 af 04 1e 25>
0|whaticket-backend  |   },
0|whaticket-backend  |   indexInfo: {
0|whaticket-backend  |     baseKey: <Buffer 05 9e f7 f1 15 46 e6 eb db 8f df 51 45 83 aa d8 34 3d f0 4b 59 3d 77 79 c7 94 a3 62 12 8d 5f 87 3a>,
0|whaticket-backend  |     baseKeyType: 1,
0|whaticket-backend  |     closed: -1,
0|whaticket-backend  |     used: 1769294925142,
0|whaticket-backend  |     created: 1769294925142,
0|whaticket-backend  |     remoteIdentityKey: <Buffer 05 41 1b 42 ff 3b 5c 5b 4b c9 9b 27 cd 73 07 b8 3e a8 b5 ea 92 c9 2c 8e 95 e7 4f da d3 a3 f8 ae 1b>
0|whaticket-backend  |   },
0|whaticket-backend  |   pendingPreKey: {
0|whaticket-backend  |     signedKeyId: 4,
0|whaticket-backend  |     baseKey: <Buffer 05 9e f7 f1 15 46 e6 eb db 8f df 51 45 83 aa d8 34 3d f0 4b 59 3d 77 79 c7 94 a3 62 12 8d 5f 87 3a>,
0|whaticket-backend  |     preKeyId: 971
0|whaticket-backend  |   }
0|whaticket-backend  | }
0|whaticket-backend  | Closing session: SessionEntry {
0|whaticket-backend  |   _chains: {
0|whaticket-backend  |     'BUYDkXguNF3mYk8IHBfRIUzuhDJ/amVq02k+LqixtAV7': { chainKey: [Object], chainType: 1, messageKeys: {} }
0|whaticket-backend  |   },
0|whaticket-backend  |   registrationId: 12283,
0|whaticket-backend  |   currentRatchet: {
0|whaticket-backend  |     ephemeralKeyPair: {
0|whaticket-backend  |       pubKey: <Buffer 05 46 03 91 78 2e 34 5d e6 62 4f 08 1c 17 d1 21 4c ee 84 32 7f 6a 65 6a d3 69 3e 2e a8 b1 b4 05 7b>,
0|whaticket-backend  |       privKey: <Buffer e0 28 24 58 2e a2 e5 82 fe 70 2e c0 4c d9 f1 aa 37 87 f2 77 da 56 9b 22 31 d1 87 55 9b f6 9e 79>
0|whaticket-backend  |     },
0|whaticket-backend  |     lastRemoteEphemeralKey: <Buffer 05 b7 ac 59 e0 dd 89 ad 49 ee 62 e2 16 6f 5b ac ca 57 4b c4 a2 c7 a0 ec ef 9e 20 47 0c ed c3 e2 57>,
0|whaticket-backend  |     previousCounter: 0,
0|whaticket-backend  |     rootKey: <Buffer 68 f7 aa 17 7b 42 8d 99 9f 08 71 de fd 4b e0 57 d2 b5 5a 1b 2d 04 2a 0d 18 31 c6 f8 a3 4d 8f 9e>
0|whaticket-backend  |   },
0|whaticket-backend  |   indexInfo: {
0|whaticket-backend  |     baseKey: <Buffer 05 a0 e6 85 5b 06 ef d3 b9 9d 54 23 97 c2 10 21 4f d6 38 29 6a fa 5d f4 6b db 81 35 b1 a0 52 0c 3a>,
0|whaticket-backend  |     baseKeyType: 1,
0|whaticket-backend  |     closed: -1,
0|whaticket-backend  |     used: 1769294925144,
0|whaticket-backend  |     created: 1769294925144,
0|whaticket-backend  |     remoteIdentityKey: <Buffer 05 a0 42 12 56 8c 0d 06 47 bf 91 0a 54 aa 78 41 48 b2 bf 54 01 6c ce d2 0c 10 9e ad a4 b4 aa 6e 50>
0|whaticket-backend  |   },
0|whaticket-backend  |   pendingPreKey: {
0|whaticket-backend  |     signedKeyId: 4,
0|whaticket-backend  |     baseKey: <Buffer 05 a0 e6 85 5b 06 ef d3 b9 9d 54 23 97 c2 10 21 4f d6 38 29 6a fa 5d f4 6b db 81 35 b1 a0 52 0c 3a>,
0|whaticket-backend  |     preKeyId: 1036
0|whaticket-backend  |   }
0|whaticket-backend  | }
0|whaticket-backend  | [SendWhatsAppMessage] ✅ Mensaje enviado exitosamente a: 5492478577503@s.whatsapp.net
0|whaticket-backend  | 📨 ========== NUEVO MENSAJE ==========
0|whaticket-backend  | 🆔 ID: 3EB04CA12B...
0|whaticket-backend  | 📞 RemoteJid: 5492478577503@s.whatsapp.net
0|whaticket-backend  | 👤 FromMe: SÍ
0|whaticket-backend  | 👥 Participant: N/A
0|whaticket-backend  | 📛 PushName: N/A
0|whaticket-backend  | ⏰ Timestamp: 10:48:52 PM
0|whaticket-backend  | 🔍 ANALIZANDO JID: 5492478577503@s.whatsapp.net
0|whaticket-backend  |    Tipo: Tradicional
0|whaticket-backend  | 🔍 [GetRealNumberFromLid] INICIANDO BUSQUEDA
0|whaticket-backend  |    Input: "5492478577503@s.whatsapp.net"
0|whaticket-backend  |    SessionId: "11"
0|whaticket-backend  |    Clean input: "5492478577503" (13 dígitos)
0|whaticket-backend  |    Tipo: Número normal
0|whaticket-backend  | 🔍 Buscando mapping exacto: lid-mapping-5492478577503_reverse
0|whaticket-backend  |    ⚠️ No se encontró mapping exacto
0|whaticket-backend  | 🔍 Buscando coincidencias parciales...
0|whaticket-backend  |    Total mappings: 12
0|whaticket-backend  | 🔍 Buscando LID para número: 5492478577503
0|whaticket-backend  | ✅ Número tiene LID asociado
0|whaticket-backend  |    LID: "124777406664808"
0|whaticket-backend  | 🔍 obtenerNumeroReal - JID recibido: 5492478577503@s.whatsapp.net
0|whaticket-backend  | ✅ Número tradicional extraído: 5492478577503
0|whaticket-backend  | ✅ RESULTADO (no LID @lid):
0|whaticket-backend  |    JID original: 5492478577503@s.whatsapp.net
0|whaticket-backend  |    Número obtenido: 5492478577503
0|whaticket-backend  |    Es LID?: NO
0|whaticket-backend  | ✅ FIN obtenerNumeroRealDeMensaje - NORMALIZADOR NO LID
0|whaticket-backend  | 📞 === ANTES DE verifyContact ===
0|whaticket-backend  | msgContact recibido:
0|whaticket-backend  |   id: 5492478577503@s.whatsapp.net
0|whaticket-backend  |   name: 5492478577503
0|whaticket-backend  |   number: 5492478577503
0|whaticket-backend  |   esLid: NO
0|whaticket-backend  |   lid: N/A
0|whaticket-backend  |   originalJid: 5492478577503@s.whatsapp.net
0|whaticket-backend  | ===============================
0|whaticket-backend  | 🔍 === verifyContact INICIO ===
0|whaticket-backend  | 📥 DATOS DE ENTRADA:
0|whaticket-backend  |    ID: 5492478577503@s.whatsapp.net
0|whaticket-backend  |    Nombre: 5492478577503
0|whaticket-backend  |    Número recibido: 5492478577503
0|whaticket-backend  |    Es LID?: NO
0|whaticket-backend  |    LID: N/A
0|whaticket-backend  |    JID original: 5492478577503@s.whatsapp.net
0|whaticket-backend  | 🖼️  Foto de perfil obtenida
0|whaticket-backend  | 👤 VERIFICANDO CONTACTO:
0|whaticket-backend  |    ID recibido: 5492478577503@s.whatsapp.net
0|whaticket-backend  |    Número en msgContact: 5492478577503
0|whaticket-backend  |    Es LID?: NO
0|whaticket-backend  |    LID original: N/A
0|whaticket-backend  |    JID original: 5492478577503@s.whatsapp.net
0|whaticket-backend  | 🔧 DATOS DEL WBOT:
0|whaticket-backend  |    wbot.id: 11
0|whaticket-backend  |    wbot.user?.id: 5492478477558:11@s.whatsapp.net
0|whaticket-backend  | ⚠️  No se pudo obtener companyId del WhatsApp, usando valor por defecto: 1
0|whaticket-backend  | 📝 DATOS FINALES DEL CONTACTO:
0|whaticket-backend  |    Nombre: 5492478577503
0|whaticket-backend  |    Número: 5492478577503
0|whaticket-backend  |    LID guardado: null
0|whaticket-backend  |    Company ID: 1
0|whaticket-backend  |    WhatsApp ID: 11
0|whaticket-backend  |    originaljid: 5492478577503@s.whatsapp.net
0|whaticket-backend  | 🔎 BUSCANDO CONTACTO EXISTENTE...
0|whaticket-backend  |    Número: 5492478577503
0|whaticket-backend  |    Company ID buscado: 1
0|whaticket-backend  | ✅ Contacto encontrado con número y companyId: 18632
0|whaticket-backend  |    Contact Company ID: 1
0|whaticket-backend  | ✅ Contacto final a usar: 18632
0|whaticket-backend  |    Nombre actual: 5492478577503
0|whaticket-backend  |    LID actual: 124777406664808@lid
0|whaticket-backend  |    CompanyId actual: 1
0|whaticket-backend  | ✅ Contacto actualizado exitosamente
0|whaticket-backend  | 📊 DIAGNÓSTICO COMPLETO DEL MENSAJE:
0|whaticket-backend  | ======================================
0|whaticket-backend  | 📱 DATOS CRUDOS:
0|whaticket-backend  |    RemoteJid: 5492478577503@s.whatsapp.net
0|whaticket-backend  |    Participant: null
0|whaticket-backend  |    FromMe: true
0|whaticket-backend  |    PushName: null
0|whaticket-backend  |    Tipo de mensaje: extendedTextMessage
0|whaticket-backend  | 🔍 ANÁLISIS LID:
0|whaticket-backend  |    JID analizado: 5492478577503@s.whatsapp.net
0|whaticket-backend  | 🎫 === ANTES DE FindOrCreateTicketService ===
0|whaticket-backend  | CONTACTO OBTENIDO:
0|whaticket-backend  |    ID: 18632
0|whaticket-backend  |    Número: 5492478577503
0|whaticket-backend  |    Nombre: 5492478577503
0|whaticket-backend  |    LID: 124777406664808@lid
0|whaticket-backend  |    WhatsApp ID: 11
0|whaticket-backend  |    Company ID: 1
0|whaticket-backend  | ===============================
0|whaticket-backend  | [SendWhatsAppMessage] Enviando mensaje a ticket: 75
0|whaticket-backend  | [SendWhatsAppMessage] Número original: 5492478577503
0|whaticket-backend  | [SendWhatsAppMessage] WhatsApp ID: 11
0|whaticket-backend  | 🔍 [GetRealNumberFromLid] INICIANDO BUSQUEDA
0|whaticket-backend  |    Input: "5492478577503"
0|whaticket-backend  |    SessionId: "11"
0|whaticket-backend  |    Clean input: "5492478577503" (13 dígitos)
0|whaticket-backend  |    Tipo: Número normal
0|whaticket-backend  | 🔍 Buscando mapping exacto: lid-mapping-5492478577503_reverse
0|whaticket-backend  | [22:48:55.076] INFO: Ticket 75 messages read
0|whaticket-backend  |    ⚠️ No se encontró mapping exacto
0|whaticket-backend  | 🔍 Buscando coincidencias parciales...
0|whaticket-backend  |    Total mappings: 12
0|whaticket-backend  | 🔍 Buscando LID para número: 5492478577503
0|whaticket-backend  | ✅ Número tiene LID asociado
0|whaticket-backend  |    LID: "124777406664808"
0|whaticket-backend  | [SendWhatsAppMessage] Resultado mapping:
0|whaticket-backend  |   - Número real: 5492478577503
0|whaticket-backend  |   - Es LID: false
0|whaticket-backend  |   - Original: 5492478577503
0|whaticket-backend  | [SendWhatsAppMessage] Enviando a: 5492478577503@s.whatsapp.net
0|whaticket-backend  | Closing session: SessionEntry {
0|whaticket-backend  |   _chains: {
0|whaticket-backend  |     'BVQD7LnRySRc3Fn9ziPmdmqoz2m1Ed07jW5xs0+dxgly': { chainKey: [Object], chainType: 1, messageKeys: {} }
0|whaticket-backend  |   },
0|whaticket-backend  |   registrationId: 13008,
0|whaticket-backend  |   currentRatchet: {
0|whaticket-backend  |     ephemeralKeyPair: {
0|whaticket-backend  |       pubKey: <Buffer 05 54 03 ec b9 d1 c9 24 5c dc 59 fd ce 23 e6 76 6a a8 cf 69 b5 11 dd 3b 8d 6e 71 b3 4f 9d c6 09 72>,
0|whaticket-backend  |       privKey: <Buffer b0 c6 a1 83 f5 13 fe e6 9f 94 ee 16 cd 45 a4 40 4c 43 4f 48 0a 6d b3 0b f5 aa 8a 4d ec 5d c5 66>
0|whaticket-backend  |     },
0|whaticket-backend  |     lastRemoteEphemeralKey: <Buffer 05 85 ca b9 1f cc e3 dd 51 2a 8e f6 32 12 86 75 de 61 d8 38 a9 85 fd f8 74 45 9e 49 f0 55 4d cc 71>,
0|whaticket-backend  |     previousCounter: 0,
0|whaticket-backend  |     rootKey: <Buffer 46 06 73 d0 a6 bb cd 85 60 4a 04 6a df 9f 37 c9 0f 17 07 e4 eb 35 62 ec 7d e7 2f 59 7e 14 26 2d>
0|whaticket-backend  |   },
0|whaticket-backend  |   indexInfo: {
0|whaticket-backend  |     baseKey: <Buffer 05 dd 70 4e f6 33 4e dd 92 fe 24 d6 a5 64 f4 7a 80 63 31 0d f6 a4 01 c8 35 11 76 bf 6a b2 2f 52 73>,
0|whaticket-backend  |     baseKeyType: 1,
0|whaticket-backend  |     closed: -1,
0|whaticket-backend  |     used: 1769294932574,
0|whaticket-backend  |     created: 1769294932574,
0|whaticket-backend  |     remoteIdentityKey: <Buffer 05 41 1b 42 ff 3b 5c 5b 4b c9 9b 27 cd 73 07 b8 3e a8 b5 ea 92 c9 2c 8e 95 e7 4f da d3 a3 f8 ae 1b>
0|whaticket-backend  |   },
0|whaticket-backend  |   pendingPreKey: {
0|whaticket-backend  |     signedKeyId: 4,
0|whaticket-backend  |     baseKey: <Buffer 05 dd 70 4e f6 33 4e dd 92 fe 24 d6 a5 64 f4 7a 80 63 31 0d f6 a4 01 c8 35 11 76 bf 6a b2 2f 52 73>,
0|whaticket-backend  |     preKeyId: 1476
0|whaticket-backend  |   }
0|whaticket-backend  | }
0|whaticket-backend  | Closing session: SessionEntry {
0|whaticket-backend  |   _chains: {
0|whaticket-backend  |     'BSsSOgqKeZ+n5dDJMAtWDueNaqu99bCPmUn7XGYhDUp9': { chainKey: [Object], chainType: 1, messageKeys: {} }
0|whaticket-backend  |   },
0|whaticket-backend  |   registrationId: 12283,
0|whaticket-backend  |   currentRatchet: {
0|whaticket-backend  |     ephemeralKeyPair: {
0|whaticket-backend  |       pubKey: <Buffer 05 2b 12 3a 0a 8a 79 9f a7 e5 d0 c9 30 0b 56 0e e7 8d 6a ab bd f5 b0 8f 99 49 fb 5c 66 21 0d 4a 7d>,
0|whaticket-backend  |       privKey: <Buffer 18 e1 95 4f 6e de 04 19 19 96 c8 27 23 99 26 21 e4 13 5c a8 c5 c0 8b de d8 0e 4a 88 56 d8 80 58>
0|whaticket-backend  |     },
0|whaticket-backend  |     lastRemoteEphemeralKey: <Buffer 05 b7 ac 59 e0 dd 89 ad 49 ee 62 e2 16 6f 5b ac ca 57 4b c4 a2 c7 a0 ec ef 9e 20 47 0c ed c3 e2 57>,
0|whaticket-backend  |     previousCounter: 0,
0|whaticket-backend  |     rootKey: <Buffer a1 cf fc 05 f7 ba ba d0 ed 1a 2c ad 77 29 f0 68 29 f4 6c 9a 67 3e c4 0f 2b 38 b7 e7 88 96 9a 1a>
0|whaticket-backend  |   },
0|whaticket-backend  |   indexInfo: {
0|whaticket-backend  |     baseKey: <Buffer 05 3b cc 32 13 3c 6c be 67 b1 dc d0 b2 ad 62 25 cf 31 4e ae 42 23 44 74 73 b5 d6 cb 78 4c cc f7 45>,
0|whaticket-backend  |     baseKeyType: 1,
0|whaticket-backend  |     closed: -1,
0|whaticket-backend  |     used: 1769294932580,
0|whaticket-backend  |     created: 1769294932580,
0|whaticket-backend  |     remoteIdentityKey: <Buffer 05 a0 42 12 56 8c 0d 06 47 bf 91 0a 54 aa 78 41 48 b2 bf 54 01 6c ce d2 0c 10 9e ad a4 b4 aa 6e 50>
0|whaticket-backend  |   },
0|whaticket-backend  |   pendingPreKey: {
0|whaticket-backend  |     signedKeyId: 4,
0|whaticket-backend  |     baseKey: <Buffer 05 3b cc 32 13 3c 6c be 67 b1 dc d0 b2 ad 62 25 cf 31 4e ae 42 23 44 74 73 b5 d6 cb 78 4c cc f7 45>,
0|whaticket-backend  |     preKeyId: 1040
0|whaticket-backend  |   }
0|whaticket-backend  | }
0|whaticket-backend  | [SendWhatsAppMessage] ✅ Mensaje enviado exitosamente a: 5492478577503@s.whatsapp.net
0|whaticket-backend  | 📨 ========== NUEVO MENSAJE ==========
0|whaticket-backend  | 🆔 ID: 3EB0B2C577...
0|whaticket-backend  | 📞 RemoteJid: 5492478577503@s.whatsapp.net
0|whaticket-backend  | 👤 FromMe: SÍ
0|whaticket-backend  | 👥 Participant: N/A
0|whaticket-backend  | 📛 PushName: N/A
0|whaticket-backend  | ⏰ Timestamp: 10:48:55 PM
0|whaticket-backend  | 🔍 ANALIZANDO JID: 5492478577503@s.whatsapp.net
0|whaticket-backend  |    Tipo: Tradicional
0|whaticket-backend  | 🔍 [GetRealNumberFromLid] INICIANDO BUSQUEDA
0|whaticket-backend  |    Input: "5492478577503@s.whatsapp.net"
0|whaticket-backend  |    SessionId: "11"
0|whaticket-backend  |    Clean input: "5492478577503" (13 dígitos)
0|whaticket-backend  |    Tipo: Número normal
0|whaticket-backend  | 🔍 Buscando mapping exacto: lid-mapping-5492478577503_reverse
0|whaticket-backend  |    ⚠️ No se encontró mapping exacto
0|whaticket-backend  | 🔍 Buscando coincidencias parciales...
0|whaticket-backend  |    Total mappings: 12
0|whaticket-backend  | 🔍 Buscando LID para número: 5492478577503
0|whaticket-backend  | ✅ Número tiene LID asociado
0|whaticket-backend  |    LID: "124777406664808"
0|whaticket-backend  | 🔍 obtenerNumeroReal - JID recibido: 5492478577503@s.whatsapp.net
0|whaticket-backend  | ✅ Número tradicional extraído: 5492478577503
0|whaticket-backend  | ✅ RESULTADO (no LID @lid):
0|whaticket-backend  |    JID original: 5492478577503@s.whatsapp.net
0|whaticket-backend  |    Número obtenido: 5492478577503
0|whaticket-backend  |    Es LID?: NO
0|whaticket-backend  | ✅ FIN obtenerNumeroRealDeMensaje - NORMALIZADOR NO LID
0|whaticket-backend  | 📞 === ANTES DE verifyContact ===
0|whaticket-backend  | msgContact recibido:
0|whaticket-backend  |   id: 5492478577503@s.whatsapp.net
0|whaticket-backend  |   name: 5492478577503
0|whaticket-backend  |   number: 5492478577503
0|whaticket-backend  |   esLid: NO
0|whaticket-backend  |   lid: N/A
0|whaticket-backend  |   originalJid: 5492478577503@s.whatsapp.net
0|whaticket-backend  | ===============================
0|whaticket-backend  | 🔍 === verifyContact INICIO ===
0|whaticket-backend  | 📥 DATOS DE ENTRADA:
0|whaticket-backend  |    ID: 5492478577503@s.whatsapp.net
0|whaticket-backend  |    Nombre: 5492478577503
0|whaticket-backend  |    Número recibido: 5492478577503
0|whaticket-backend  |    Es LID?: NO
0|whaticket-backend  |    LID: N/A
0|whaticket-backend  |    JID original: 5492478577503@s.whatsapp.net
0|whaticket-backend  | 🖼️  Foto de perfil obtenida
0|whaticket-backend  | 👤 VERIFICANDO CONTACTO:
0|whaticket-backend  |    ID recibido: 5492478577503@s.whatsapp.net
0|whaticket-backend  |    Número en msgContact: 5492478577503
0|whaticket-backend  |    Es LID?: NO
0|whaticket-backend  |    LID original: N/A
0|whaticket-backend  |    JID original: 5492478577503@s.whatsapp.net
0|whaticket-backend  | 🔧 DATOS DEL WBOT:
0|whaticket-backend  |    wbot.id: 11
0|whaticket-backend  |    wbot.user?.id: 5492478477558:11@s.whatsapp.net
0|whaticket-backend  | ⚠️  No se pudo obtener companyId del WhatsApp, usando valor por defecto: 1
0|whaticket-backend  | 📝 DATOS FINALES DEL CONTACTO:
0|whaticket-backend  |    Nombre: 5492478577503
0|whaticket-backend  |    Número: 5492478577503
0|whaticket-backend  |    LID guardado: null
0|whaticket-backend  |    Company ID: 1
0|whaticket-backend  |    WhatsApp ID: 11
0|whaticket-backend  |    originaljid: 5492478577503@s.whatsapp.net
0|whaticket-backend  | 🔎 BUSCANDO CONTACTO EXISTENTE...
0|whaticket-backend  |    Número: 5492478577503
0|whaticket-backend  |    Company ID buscado: 1
0|whaticket-backend  | ✅ Contacto encontrado con número y companyId: 18632
0|whaticket-backend  |    Contact Company ID: 1
0|whaticket-backend  | ✅ Contacto final a usar: 18632
0|whaticket-backend  |    Nombre actual: 5492478577503
0|whaticket-backend  |    LID actual: 124777406664808@lid
0|whaticket-backend  |    CompanyId actual: 1
0|whaticket-backend  | ✅ Contacto actualizado exitosamente
0|whaticket-backend  | 📊 DIAGNÓSTICO COMPLETO DEL MENSAJE:
0|whaticket-backend  | ======================================
0|whaticket-backend  | 📱 DATOS CRUDOS:
0|whaticket-backend  |    RemoteJid: 5492478577503@s.whatsapp.net
0|whaticket-backend  |    Participant: null
0|whaticket-backend  |    FromMe: true
0|whaticket-backend  |    PushName: null
0|whaticket-backend  |    Tipo de mensaje: extendedTextMessage
0|whaticket-backend  | 🔍 ANÁLISIS LID:
0|whaticket-backend  |    JID analizado: 5492478577503@s.whatsapp.net
0|whaticket-backend  | 🎫 === ANTES DE FindOrCreateTicketService ===
0|whaticket-backend  | CONTACTO OBTENIDO:
0|whaticket-backend  |    ID: 18632
0|whaticket-backend  |    Número: 5492478577503
0|whaticket-backend  |    Nombre: 5492478577503
0|whaticket-backend  |    LID: 124777406664808@lid
0|whaticket-backend  |    WhatsApp ID: 11
0|whaticket-backend  |    Company ID: 1
0|whaticket-backend  | ===============================
0|whaticket-backend  | [22:56:10.559] INFO: Client disconnected:
0|whaticket-backend  | [22:56:10.560] INFO: Client disconnected:
0|whaticket-backend  | 🟢🟢🟢 SOCKET.IO MIDDLEWARE EXECUTED!
0|whaticket-backend  | [22:56:10.861] INFO: === MIDDLEWARE EXECUTED ===
0|whaticket-backend  | [22:56:10.862] INFO: Socket ID:
0|whaticket-backend  | [22:56:10.862] INFO: Handshake query:
0|whaticket-backend  | [22:56:10.862] INFO: Token param:
0|whaticket-backend  | [22:56:10.863] ERROR: Middleware authentication FAILED:
0|whaticket-backend  | [22:56:11.361] WARN:
0|whaticket-backend  |     message: "Invalid token. We'll try to assign a new one on next request"
0|whaticket-backend  |     statusCode: 403
0|whaticket-backend  | 🟢🟢🟢 SOCKET.IO MIDDLEWARE EXECUTED!
0|whaticket-backend  | [22:56:13.161] INFO: === MIDDLEWARE EXECUTED ===
0|whaticket-backend  | [22:56:13.161] INFO: Socket ID:
0|whaticket-backend  | [22:56:13.162] INFO: Handshake query:
0|whaticket-backend  | [22:56:13.162] INFO: Token param:
0|whaticket-backend  | [22:56:13.163] INFO: Middleware SUCCESS - User ID:
0|whaticket-backend  | 🟢🟢🟢 CONNECTION EVENT FINALLY FIRED!
0|whaticket-backend  | [22:56:13.164] INFO: === CONNECTION EVENT ===
0|whaticket-backend  | [22:56:13.164] INFO: Socket ID:
0|whaticket-backend  | [22:56:13.165] INFO: Attached user ID:
0|whaticket-backend  | 🟢🟢🟢 SOCKET.IO MIDDLEWARE EXECUTED!
0|whaticket-backend  | [22:56:13.169] INFO: === MIDDLEWARE EXECUTED ===
0|whaticket-backend  | [22:56:13.171] INFO: Socket ID:
0|whaticket-backend  | [22:56:13.171] INFO: Handshake query:
0|whaticket-backend  | [22:56:13.172] INFO: Token param:
0|whaticket-backend  | [22:56:13.172] INFO: Middleware SUCCESS - User ID:
0|whaticket-backend  | 🟢🟢🟢 CONNECTION EVENT FINALLY FIRED!
0|whaticket-backend  | [22:56:13.174] INFO: === CONNECTION EVENT ===
0|whaticket-backend  | [22:56:13.174] INFO: Socket ID:
0|whaticket-backend  | [22:56:13.175] INFO: Attached user ID:
0|whaticket-backend  | [22:56:13.180] INFO: Client Connected - User:
0|whaticket-backend  | [22:56:13.181] INFO: Client Connected - User:
0|whaticket-backend  | [22:57:05.276] INFO: Client disconnected:
0|whaticket-backend  | [22:57:05.277] INFO: Client disconnected:
0|whaticket-backend  | [22:57:05.278] INFO: Client disconnected:
0|whaticket-backend  | [22:57:05.278] INFO: Client disconnected:
0|whaticket-backend  | [22:57:05.278] INFO: Client disconnected:
0|whaticket-backend  | 🟢🟢🟢 SOCKET.IO MIDDLEWARE EXECUTED!
0|whaticket-backend  | [22:57:16.215] INFO: === MIDDLEWARE EXECUTED ===
0|whaticket-backend  | [22:57:16.215] INFO: Socket ID:
0|whaticket-backend  | [22:57:16.216] INFO: Handshake query:
0|whaticket-backend  | [22:57:16.216] INFO: Token param:
0|whaticket-backend  | [22:57:16.216] INFO: Middleware SUCCESS - User ID:
0|whaticket-backend  | 🟢🟢🟢 CONNECTION EVENT FINALLY FIRED!
0|whaticket-backend  | [22:57:16.216] INFO: === CONNECTION EVENT ===
0|whaticket-backend  | [22:57:16.216] INFO: Socket ID:
0|whaticket-backend  | [22:57:16.216] INFO: Attached user ID:
0|whaticket-backend  | [22:57:16.221] INFO: Client Connected - User:
0|whaticket-backend  | [22:57:18.886] INFO: Client disconnected:
0|whaticket-backend  | 🟢🟢🟢 SOCKET.IO MIDDLEWARE EXECUTED!
0|whaticket-backend  | [22:57:18.948] INFO: === MIDDLEWARE EXECUTED ===
0|whaticket-backend  | [22:57:18.949] INFO: Socket ID:
0|whaticket-backend  | [22:57:18.949] INFO: Handshake query:
0|whaticket-backend  | [22:57:18.949] INFO: Token param:
0|whaticket-backend  | [22:57:18.949] INFO: Middleware SUCCESS - User ID:
0|whaticket-backend  | 🟢🟢🟢 CONNECTION EVENT FINALLY FIRED!
0|whaticket-backend  | [22:57:18.949] INFO: === CONNECTION EVENT ===
0|whaticket-backend  | [22:57:18.949] INFO: Socket ID:
0|whaticket-backend  | [22:57:18.949] INFO: Attached user ID:
0|whaticket-backend  | 🟢🟢🟢 SOCKET.IO MIDDLEWARE EXECUTED!
0|whaticket-backend  | [22:57:18.955] INFO: === MIDDLEWARE EXECUTED ===
0|whaticket-backend  | [22:57:18.955] INFO: Socket ID:
0|whaticket-backend  | [22:57:18.955] INFO: Handshake query:
0|whaticket-backend  | [22:57:18.955] INFO: Token param:
0|whaticket-backend  | [22:57:18.955] INFO: Middleware SUCCESS - User ID:
0|whaticket-backend  | 🟢🟢🟢 CONNECTION EVENT FINALLY FIRED!
0|whaticket-backend  | [22:57:18.956] INFO: === CONNECTION EVENT ===
0|whaticket-backend  | [22:57:18.956] INFO: Socket ID:
0|whaticket-backend  | [22:57:18.956] INFO: Attached user ID:
0|whaticket-backend  | [22:57:18.959] INFO: Client Connected - User:
0|whaticket-backend  | [22:57:18.961] INFO: Client Connected - User:
0|whaticket-backend  | [22:57:33.282] INFO: Client disconnected:
0|whaticket-backend  | [22:57:33.282] INFO: Client disconnected:
0|whaticket-backend  | [22:57:33.283] INFO: Client disconnected:
0|whaticket-backend  | [22:57:33.284] INFO: Client disconnected:
0|whaticket-backend  | [22:57:33.284] INFO: Client disconnected:
0|whaticket-backend  | [22:57:33.284] INFO: Client disconnected:
